group_code,group_size,b_type-1,b_type-2,b_type-3,type-1,type-2,type-3,h_type-1,h/b_type-1,h_type-2,h/b_type-2,h_type-3,h/b_type-3,c_type-1,c_type-2,c_type-3,c_h_type-1,sc_h/b_type-1,c_h_type-2,sc_h/b_type-2,c_h_type-3,sc_h/b_type-3,iter
0,61965,0.046248384769417596,0.3376219267026616,0.6161296885279208,17317.0,105306.0,256416.0,0.045686591617221446,0.9878526968023401,0.27782365403032405,0.8228839185406315,0.6764897543524545,1.0979664946332128,17529.0,109324.0,266874.0,0.04452069581207283,1.0261877264917423,0.277664473099381,1.0005732851926146,0.6778148310885461,0.998045075623436,0
1,16977,0.6161495755472235,0.3376074880411099,0.04624293641166659,52653.0,34634.0,9396.0,0.5445941892576771,0.8838668577739495,0.35822223141607107,1.0610612741280518,0.09718357932625177,2.101587547579124,54662.0,35058.0,9423.0,0.5513450268803647,0.9877556932708991,0.3536104414835137,1.0130420072247,0.09504453163612156,1.0225057418171049,0
0,61965,0.046248384769417596,0.3376219267026616,0.6161296885279208,18770.0,112570.0,268086.0,0.0469924341429952,1.0160881158831219,0.28182942522519816,0.8347485839490543,0.6711781406318067,1.0893455600807187,19083.0,115946.0,279204.0,0.04606827558403121,1.0200606284313436,0.27990527070513455,1.0068743061365593,0.6740264537108343,0.9957741820616294,1
1,16977,0.6161495755472235,0.3376074880411099,0.04624293641166659,56285.0,37540.0,9738.0,0.5434856077942894,0.882067649420356,0.3624846711663432,1.0736867042540361,0.09402972103936734,2.033385600825398,57973.0,38166.0,9762.0,0.5474263699115212,0.992801292860867,0.3603931974202321,1.0058033108312872,0.09218043266824676,1.0200616152212703,1
0,61965,0.046248384769417596,0.3376219267026616,0.6161296885279208,18682.0,112464.0,264078.0,0.04726939659534846,1.0220767023761232,0.2845576179584236,0.8428291987357476,0.6681729854462279,1.084468088273186,18928.0,115804.0,274554.0,0.04624639005487605,1.0221207869253905,0.2829415127807939,1.0057117994519305,0.6708120971643301,0.9960657958774771,2
1,16977,0.6161495755472235,0.3376074880411099,0.04624293641166659,56232.0,37364.0,9891.0,0.5433725975243268,0.881884235725942,0.36105018021587254,1.069437713928632,0.09557722225980075,2.0668501975944515,57902.0,37856.0,9972.0,0.5476402156436205,0.9922072594426284,0.35804407452946185,1.0083959096107407,0.09431570982691762,1.013375422134851,2
0,61965,0.046248384769417596,0.3376219267026616,0.6161296885279208,18254.0,110108.0,263685.0,0.04656074399242948,1.0067539488042496,0.28085408127086803,0.8318597195798004,0.6725851747367025,1.0916292255672133,18509.0,113460.0,274338.0,0.04555422377660242,1.0220949921298852,0.2792469733477395,1.005755148941676,0.675198802875658,0.9961290983813595,3
1,16977,0.6161495755472235,0.3376074880411099,0.04624293641166659,55054.0,36508.0,9831.0,0.542976339589518,0.8812411160184312,0.3600643042419102,1.0665175299609047,0.09695935616857179,2.096738738764652,56730.0,37018.0,9840.0,0.5476503069853651,0.9914654162770842,0.35735799513457156,1.00757310356613,0.09499169788006333,1.0207140027225625,3
0,61965,0.046248384769417596,0.3376219267026616,0.6161296885279208,18023.0,109088.0,255111.0,0.04715322508908435,1.0195647982989688,0.2854048170958239,0.8453385118768529,0.6674419578150917,1.0832816049000464,18358.0,112858.0,266472.0,0.04616181529239002,1.0214768373040515,0.283785278912112,1.0057069140087898,0.670052905795498,0.996103370408779,4
1,16977,0.6161495755472235,0.3376074880411099,0.04624293641166659,54544.0,36046.0,9267.0,0.5462210961675196,0.886507299274534,0.3609761959602231,1.0692185711125803,0.09280270787225733,2.0068515339532857,56429.0,36716.0,9360.0,0.5504999756109458,0.9922272849536868,0.358187405492415,1.0077858417829466,0.09131261889663919,1.0163185438510403,4
0,61965,0.046248384769417596,0.3376219267026616,0.6161296885279208,18693.0,109718.0,263406.0,0.04770849656855113,1.0315710874317725,0.28002358243771963,0.8293998709519007,0.6722679209937292,1.0911143116637276,19024.0,113068.0,274800.0,0.04675442132064528,1.0204060968130209,0.2778820915623802,1.007706473142256,0.6753634871169746,0.9954164443558241,5
1,16977,0.6161495755472235,0.3376074880411099,0.04624293641166659,54859.0,37386.0,10224.0,0.5353716733841455,0.8688988755833575,0.36485180883974666,1.0806982124618019,0.0997765177761079,2.1576596453103996,56534.0,38048.0,10368.0,0.5386755597903764,0.9938666487718198,0.3625345402572654,1.0063918560169105,0.09878989995235826,1.0099870313081138,5
0,61965,0.046248384769417596,0.3376219267026616,0.6161296885279208,18522.0,110728.0,257832.0,0.0478503262874533,1.034637783049561,0.286058251223255,0.847273913803537,0.6660914224892917,1.0810896389049864,18784.0,114206.0,268395.0,0.04679796205637979,1.0224873944255453,0.28452981551378353,1.005371794540096,0.6686722224298367,0.9961404110205642,6
1,16977,0.6161495755472235,0.3376074880411099,0.04624293641166659,55364.0,37044.0,10041.0,0.540405470038751,0.8770686396380268,0.3615847885289266,1.0710212342354712,0.09800974143232243,2.1194532405947224,57103.0,37568.0,10056.0,0.5452557602146534,0.9911045594933412,0.35872315639710867,1.0079772718342446,0.09602108338823799,1.020710639516988,6
0,61965,0.046248384769417596,0.3376219267026616,0.6161296885279208,17125.0,106982.0,258600.0,0.04474702579257761,0.967537050551595,0.2795402226768781,0.8279682110903444,0.6757127515305442,1.096705391919973,17435.0,110544.0,269829.0,0.04382767566263122,1.0209764747056906,0.277882797731569,1.0059644748031873,0.6782895266057998,0.9962010690506311,7
1,16977,0.6161495755472235,0.3376074880411099,0.04624293641166659,53491.0,34250.0,8766.0,0.5542706746660864,0.899571624591025,0.35489653600256976,1.0512104990969708,0.09083278933134384,1.9642521945995566,55272.0,34870.0,8841.0,0.5583989169857451,0.9926070015645032,0.35228271521372356,1.0074196679994942,0.0893183678005314,1.0169553202561257,7
0,61965,0.046248384769417596,0.3376219267026616,0.6161296885279208,17244.0,104870.0,244890.0,0.046985863914289765,1.0159460519226573,0.2857462044010419,0.8463496645248819,0.6672679316846682,1.0829991544133002,17510.0,108706.0,256866.0,0.045708229569648276,1.0279519543126185,0.283766921964488,1.0069750287413755,0.6705248484658637,0.9951427351444959,8
1,16977,0.6161495755472235,0.3376074880411099,0.04624293641166659,52435.0,34488.0,9030.0,0.5464654570466791,0.8869038927136231,0.35942596896397194,1.0646267683500112,0.09410857398934895,2.0350907899007553,54353.0,35020.0,9048.0,0.5522500279411914,0.9895254493402611,0.35581837209538614,1.0101388718276152,0.09193159996342244,1.023680366998863,8
0,61965,0.046248384769417596,0.3376219267026616,0.6161296885279208,17845.0,108006.0,255273.0,0.046822031674730535,1.0124036095135645,0.2833880836683074,0.8393651633825397,0.669789884656962,1.0870923721550376,18188.0,112110.0,266970.0,0.04578269581239868,1.0227014998546762,0.2822024426835285,1.0042013845574984,0.6720148615040729,0.9966890957706932,9
1,16977,0.6161495755472235,0.3376074880411099,0.04624293641166659,54003.0,35690.0,9501.0,0.5444180091537795,0.8835809205423265,0.3597999879024941,1.0657346197803583,0.09578200294372644,2.0712785643854934,56055.0,36376.0,9621.0,0.5492787990436249,0.9911505962030416,0.35644573354760317,1.0094102805538083,0.094275467408772,1.015980143894935,9
0,61965,0.046248384769417596,0.3376219267026616,0.6161296885279208,17878.0,108270.0,260754.0,0.04620808370078211,0.9991285951101554,0.2798383053072871,0.8288510999279272,0.6739536109919307,1.0938502453958434,18085.0,111792.0,271587.0,0.04504762568997469,1.0257606920017026,0.2784608333499392,1.0049467350247308,0.6764915409600861,0.9962483936391081,10
1,16977,0.6161495755472235,0.3376074880411099,0.04624293641166659,54135.0,35756.0,9726.0,0.5434313420400132,0.8819795770489224,0.35893471997751386,1.0631716792188182,0.09763393798247287,2.1113265194344555,55896.0,36170.0,9747.0,0.549006511938554,0.989844984026046,0.3552591515818216,1.0103461610470172,0.09573433647962441,1.0198424261628716,10
0,61965,0.046248384769417596,0.3376219267026616,0.6161296885279208,17676.0,108740.0,262161.0,0.045489053649598404,0.9835814564421003,0.2798415758009352,0.8288607867799633,0.6746693705494664,1.0950119481523617,17984.0,112508.0,273576.0,0.04450736014730194,1.0220568800092265,0.27843828266529397,1.0050398713934323,0.6770543571874041,0.9964774074450309,11
1,16977,0.6161495755472235,0.3376074880411099,0.04624293641166659,54370.0,35352.0,9225.0,0.5494860885120317,0.8918063248262638,0.35728218136982426,1.0582768274568561,0.09323173011814406,2.0161291075499848,56254.0,35968.0,9372.0,0.5537138019961809,0.9923648038591273,0.35403665570801424,1.0091672023489193,0.09224954229580487,1.0106470752905172,11
0,61965,0.046248384769417596,0.3376219267026616,0.6161296885279208,17807.0,106720.0,257223.0,0.04664571054354944,1.0085911275845159,0.279554682383759,0.8280110391940227,0.6737996070726916,1.0936002916570338,18101.0,110402.0,266511.0,0.045823692324828996,1.0179387163499054,0.27948882824406224,1.0002356235135068,0.6746874794311087,0.9986840242549546,12
1,16977,0.6161495755472235,0.3376074880411099,0.04624293641166659,53360.0,35614.0,9594.0,0.5413521629737846,0.878605105737501,0.36131401671942215,1.0702192028259323,0.09733382030679329,2.1048364974123275,55201.0,36202.0,9672.0,0.5461390056888449,0.9912351202437507,0.3581696759831808,1.0087789138698302,0.09569131832797427,1.0171645872114488,12
0,61965,0.046248384769417596,0.3376219267026616,0.6161296885279208,18163.0,111300.0,263931.0,0.04616999750885881,0.9983050811190572,0.2829224645012379,0.8379860492603709,0.6709075379899032,1.0889063625433464,18391.0,114736.0,275118.0,0.04504892895197737,1.0248855762603482,0.2810469203541991,1.0066734200277845,0.6739041506938236,0.9955533547302904,13
1,16977,0.6161495755472235,0.3376074880411099,0.04624293641166659,55650.0,36326.0,9675.0,0.5474614120864527,0.8885203103487226,0.35735998662088914,1.0585072881362572,0.09517860129265822,2.058230049349671,57368.0,36782.0,9690.0,0.5524653312788906,0.9909425643400022,0.3542180277349769,1.008870126983664,0.09331664098613252,1.0199531432641515,13
0,61965,0.046248384769417596,0.3376219267026616,0.6161296885279208,18406.0,110408.0,255588.0,0.04788216502515596,1.0353262122317128,0.2872201497390752,0.8507153328107909,0.6648976852357688,1.0791521616566897,18622.0,113906.0,266277.0,0.04669449981820689,1.02543479877872,0.28561828462531813,1.005608412346074,0.6676872155564749,0.9958221001455281,14
1,16977,0.6161495755472235,0.3376074880411099,0.04624293641166659,55204.0,36812.0,9750.0,0.5424601536859068,0.8804033553121081,0.36173181612719374,1.0714567328647233,0.09580803018689936,2.071841401549233,56953.0,37244.0,9789.0,0.5476987286750139,0.9904352982491302,0.35816359894601196,1.0099625344163454,0.0941376723789741,1.0177437763831767,14
0,61965,0.046248384769417596,0.3376219267026616,0.6161296885279208,17885.0,109154.0,259167.0,0.04630948250415581,1.0013210782396582,0.2826315489660958,0.8371243885916362,0.6710589685297483,1.0891521395975359,18178.0,112446.0,270291.0,0.04534128181784169,1.021353624059502,0.2804734170584787,1.0076946041099044,0.6741853011236796,0.9953627992352837,15
1,16977,0.6161495755472235,0.3376074880411099,0.04624293641166659,54577.0,35770.0,9255.0,0.547950844360555,0.8893146503816076,0.35912933475231423,1.0637481319981377,0.09291982088713079,2.009384094036211,56223.0,36356.0,9327.0,0.5517143249661453,0.9931785700764227,0.3567601515121779,1.0066408292240439,0.09152552352167684,1.0152339731236142,15
0,61965,0.046248384769417596,0.3376219267026616,0.6161296885279208,17864.0,109596.0,256638.0,0.046508963858182026,1.0056343392328966,0.28533343053074994,0.84512707251398,0.668157605611068,1.084443126263651,18096.0,113232.0,267009.0,0.04542887052922526,1.0237754827794348,0.28426181851045723,1.0037698063915443,0.6703093109603175,0.9967899814099749,16
1,16977,0.6161495755472235,0.3376074880411099,0.04624293641166659,54798.0,35728.0,8670.0,0.5524214686076051,0.8965703954546763,0.3601758135408686,1.0668478226910967,0.08740271785152627,1.8900771584538805,56616.0,36192.0,8703.0,0.5577326595147324,0.9904771742939558,0.356532789549901,1.0102179213181675,0.08573455093536661,1.0194573471017216,16
0,61965,0.046248384769417596,0.3376219267026616,0.6161296885279208,17523.0,107854.0,262104.0,0.04522286254035682,0.9778257719880648,0.27834655118573554,0.8244326839319029,0.6764305862739076,1.097870462775556,17831.0,111032.0,273006.0,0.044370180332396876,1.01921746095175,0.2762890394631086,1.0074469538372754,0.6793407802044945,0.9957161501040599,17
1,16977,0.6161495755472235,0.3376074880411099,0.04624293641166659,53927.0,35046.0,9246.0,0.5490485547602806,0.8910962151887418,0.3568148728861015,1.0568926505642338,0.09413657235361794,2.0356962524090125,55516.0,35662.0,9243.0,0.55283257485984,0.9931552150295796,0.3551249240696667,1.0047587446047668,0.09204250107049322,1.0227511340822966,17
0,61965,0.046248384769417596,0.3376219267026616,0.6161296885279208,17848.0,109476.0,263622.0,0.045653363891688364,0.9871342344020045,0.28002844382600156,0.8294142698635159,0.67431819228231,1.0944419735614677,18126.0,112972.0,274806.0,0.04465587922267334,1.0223371409628088,0.2783219677559226,1.0061313021168903,0.6770221530214041,0.9960060971018055,18
1,16977,0.6161495755472235,0.3376074880411099,0.04624293641166659,54738.0,35696.0,9345.0,0.548592389180088,0.8903558664190662,0.35775062888984654,1.0596643781973338,0.09365698193006544,2.0253251457975496,56486.0,36252.0,9411.0,0.5529765342783581,0.9920717339226853,0.35489334207872814,1.008051114158362,0.09213012364291379,1.0165728453059457,18
0,61965,0.046248384769417596,0.3376219267026616,0.6161296885279208,18080.0,111354.0,271362.0,0.04511023064102436,0.9753904026255668,0.277832114092955,0.8229089763403827,0.6770576552660206,1.0988882176472798,18379.0,114804.0,282696.0,0.0441931427169922,1.020751815047531,0.27605144765665013,1.0064504875863562,0.6797554096263577,0.9960312866626246,19
1,16977,0.6161495755472235,0.3376074880411099,0.04624293641166659,55677.0,36160.0,9423.0,0.5498419909144776,0.8923839482095628,0.35710053328066366,1.057738782254676,0.09305747580485878,2.01236087121365,57402.0,36758.0,9582.0,0.5533149544061229,0.9937233514764248,0.35432129706387,1.0078438305566844,0.09236374853000713,1.007510817673519,19
0,61965,0.046248384769417596,0.3376219267026616,0.6161296885279208,17852.0,109824.0,265593.0,0.0453938652677938,0.9815232573875994,0.2792592347731451,0.8271359550029592,0.675346899959061,1.0961116020437582,18184.0,113794.0,279231.0,0.04422082201508235,1.026526943626497,0.27673032448219764,1.0091385369336716,0.67904885350272,0.9945483251690017,20
1,16977,0.6161495755472235,0.3376074880411099,0.04624293641166659,54912.0,35704.0,9291.0,0.5496311569759876,0.8920417684096291,0.35737235629135095,1.0585439273427322,0.09299648673266138,2.0110419871433463,56897.0,36368.0,9384.0,0.5542869389862541,0.9916004118394318,0.35429473253514404,1.0086866201317335,0.09141832847860183,1.0172630399212446,20
0,61965,0.046248384769417596,0.3376219267026616,0.6161296885279208,18915.0,112282.0,260151.0,0.048332941525189854,1.0450730715497485,0.28691088238600937,0.849799316022171,0.6647561760888008,1.0789224873695993,19294.0,116194.0,271755.0,0.04737711882094965,1.020174774828594,0.2853185935669858,1.0055807397587277,0.6673042876120645,0.996181484862952,21
1,16977,0.6161495755472235,0.3376074880411099,0.04624293641166659,56141.0,37830.0,10146.0,0.5392106956596905,0.8751295416876641,0.36334124110375826,1.0762238812058422,0.09744806323655118,2.107306992121852,58097.0,38588.0,10224.0,0.5434247818237941,0.9922453183861791,0.36094248379462907,1.0066458159314216,0.09563273438157685,1.0189822958290737,21
0,61965,0.046248384769417596,0.3376219267026616,0.6161296885279208,17907.0,110550.0,264492.0,0.04557079926402663,0.9853489909156994,0.28133421894444316,0.8332818359638409,0.6730949817915302,1.0924566602198846,18139.0,113902.0,276636.0,0.04438468521595294,1.0267234980332218,0.27870910278777616,1.0094188389629524,0.6769062119962709,0.9943696332856793,22
1,16977,0.6161495755472235,0.3376074880411099,0.04624293641166659,55275.0,35814.0,8847.0,0.5531039865513929,0.8976781101572007,0.35836935638808837,1.0614970611802612,0.08852665706051874,1.9143822587828663,56951.0,36278.0,8823.0,0.5580586367734096,0.9911216314997586,0.355485438795908,1.008112618063763,0.0864559244306824,1.0239513097971278,22
0,61965,0.046248384769417596,0.3376219267026616,0.6161296885279208,17594.0,109434.0,266661.0,0.044690098021534765,0.9663061368380313,0.27797068244223233,0.8233194009553675,0.6773392195362329,1.0993452062901823,17866.0,112920.0,276798.0,0.04383390908377169,1.0195325709173417,0.2770471853654707,1.0033333566466067,0.6791189055507576,0.9973794191267854,23
1,16977,0.6161495755472235,0.3376074880411099,0.04624293641166659,54717.0,35188.0,9450.0,0.5507221579185748,0.893812443885009,0.354164360122792,1.0490417797832317,0.09511348195863319,2.0568218486799443,56460.0,35732.0,9516.0,0.555118574743383,0.9920802202901595,0.351319463562355,1.0080977482192133,0.09356196169426201,1.0165828103245758,23
0,61965,0.046248384769417596,0.3376219267026616,0.6161296885279208,17853.0,108484.0,266160.0,0.04548569797985717,0.983508898886675,0.2763944692570899,0.8186508262554469,0.678119832763053,1.100612168816668,18215.0,112216.0,277725.0,0.04462754437028979,1.0192292365998674,0.2749340938268701,1.0053117291125755,0.6804383618028401,0.996592595053512,24
1,16977,0.6161495755472235,0.3376074880411099,0.04624293641166659,54242.0,35706.0,9816.0,0.5437031394090053,0.8824206994318287,0.3579046549857664,1.0601206065138726,0.09839220560522834,2.1277239993869648,56108.0,36430.0,9921.0,0.5476141676182669,0.9928580587564566,0.3555568568890971,1.0066031579793204,0.09682897549263608,1.0161442388979025,24
0,61965,0.046248384769417596,0.3376219267026616,0.6161296885279208,17937.0,108596.0,257070.0,0.046759279776226986,1.0110467643217504,0.2830947620326223,0.8384963761016015,0.6701459581911507,1.08767029193527,18331.0,112364.0,268731.0,0.045893356967248,1.018868151431959,0.2813136851381733,1.0063312842159606,0.6727929578945787,0.9960656548610267,25
1,16977,0.6161495755472235,0.3376074880411099,0.04624293641166659,54298.0,35874.0,9186.0,0.5464884558867932,0.8869412194294513,0.3610579923106343,1.06946085350651,0.09245355180257252,1.9993010603722712,56182.0,36662.0,9306.0,0.549995105237396,0.9936242171662796,0.3589035731767009,1.0060027798410152,0.09110132158590309,1.014843145995356,25
0,61965,0.046248384769417596,0.3376219267026616,0.6161296885279208,17665.0,108886.0,259482.0,0.04576033655153834,0.9894472375562404,0.28206396862444405,0.8354432763866472,0.6721756948240176,1.0909646253697074,17957.0,112280.0,271542.0,0.044693724659576536,1.023864913924404,0.2794571144833354,1.0093282797467091,0.6758491608570881,0.9945646658369569,26
1,16977,0.6161495755472235,0.3376074880411099,0.04624293641166659,54443.0,35330.0,9564.0,0.5480636620795877,0.8894977515692251,0.3556580126236951,1.053466007781164,0.09627832529671723,2.0820114977047015,56140.0,35914.0,9621.0,0.5521514629948365,0.9925965949758118,0.3532235062699779,1.0068922546503927,0.09462503073518565,1.0174720636673655,26
0,61965,0.046248384769417596,0.3376219267026616,0.6161296885279208,17775.0,109250.0,260385.0,0.045881624119150255,0.9920697630393815,0.2820009808729769,0.8352567134104735,0.6721173950078728,1.090870002732249,17947.0,112408.0,272280.0,0.04457386963378743,1.029339038681343,0.27918089584859734,1.0101012822378397,0.6762452345176152,0.9938959429227078,27
1,16977,0.6161495755472235,0.3376074880411099,0.04624293641166659,54625.0,35550.0,9264.0,0.5493317511238045,0.8915558379406887,0.3575056064521968,1.0589386169321693,0.09316264242399863,2.0146350913930005,56204.0,35894.0,9357.0,0.5539795968656055,0.9916100777571984,0.3537923217189887,1.0104956623003183,0.09222808141540584,1.0101331502753854,27
0,61965,0.046248384769417596,0.3376219267026616,0.6161296885279208,17869.0,110216.0,266187.0,0.0453215039363688,0.9799586334167132,0.2795430565700836,0.8279766047786133,0.6751354394935476,1.0957683943239376,18253.0,114208.0,278658.0,0.04439833722109657,1.0207928218274258,0.2777979125265434,1.0062820632007934,0.6778037502523601,0.9960632989153291,28
1,16977,0.6161495755472235,0.3376074880411099,0.04624293641166659,55108.0,35738.0,9501.0,0.5491743649536109,0.8913004029352295,0.3561441796964533,1.0549060441843228,0.09468145534993572,2.047479305964848,57104.0,36506.0,9681.0,0.5528458432970926,0.9933589473666193,0.35342866271020706,1.0076833524633309,0.09372549399270023,1.010199587289558,28
0,61965,0.046248384769417596,0.3376219267026616,0.6161296885279208,17718.0,104658.0,256845.0,0.04672209608645091,1.010242764572106,0.2759815516545761,0.8174278085250926,0.677296352258973,1.0992756312022454,17999.0,108152.0,266997.0,0.04578174122722232,1.0205399540083337,0.2750923316410105,1.003232442025051,0.6791259271317672,0.9973059858272216,29
1,16977,0.6161495755472235,0.3376074880411099,0.04624293641166659,52329.0,35436.0,10002.0,0.5352419528061616,0.8686883413508724,0.36245358863420174,1.0735946371843101,0.10230445855963669,2.212326173426703,54076.0,35998.0,10068.0,0.5399932096423079,0.9912012655875923,0.35946955323440716,1.0083012187623266,0.10053723712328494,1.0175777800038872,29
0,61965,0.046248384769417596,0.3376219267026616,0.6161296885279208,18025.0,111696.0,261828.0,0.04603510671716694,0.9953884215997164,0.28526697807937196,0.8449302474676124,0.6686979152034611,1.0853200675999533,18309.0,115238.0,272475.0,0.04509361561688775,1.0208785897382466,0.28382205890321216,1.0050909333183737,0.6710843254799002,0.9964439487172756,30
1,16977,0.6161495755472235,0.3376074880411099,0.04624293641166659,55848.0,36050.0,9384.0,0.5514109121067909,0.8949302799033239,0.35593688908196913,1.054292045319289,0.0926521988112399,2.00359678690008,57619.0,36618.0,9567.0,0.5550749489422373,0.9933990232446471,0.35276097260221184,1.0090030267700236,0.09216407845555084,1.005296210452801,30
0,61965,0.046248384769417596,0.3376219267026616,0.6161296885279208,17625.0,110850.0,263943.0,0.04491384187269697,0.9711440106854692,0.282479396969558,0.8366737306677751,0.6726067611577451,1.0916642610823726,17902.0,114526.0,275529.0,0.04388207580700907,1.023512243819676,0.2807305671921305,1.0062295666443426,0.6753873570008604,0.9958829613638862,31
1,16977,0.6161495755472235,0.3376074880411099,0.04624293641166659,55425.0,35250.0,9096.0,0.5555221457136843,0.9016027402442112,0.3533090777881348,1.046508416736044,0.09116877649818084,1.9715178916531768,57263.0,35804.0,9210.0,0.5598814982840716,0.9922137941979724,0.3500689304535722,1.009255740948974,0.09004957126235615,1.0124287680678004,31
0,61965,0.046248384769417596,0.3376219267026616,0.6161296885279208,17415.0,110562.0,265596.0,0.044248462165849795,0.9567569199759323,0.2809186605788507,0.8320509965759759,0.6748328772552995,1.0952773252456547,17639.0,114334.0,277791.0,0.0430467293368866,1.0279169369537544,0.27902402358430706,1.0067902289208124,0.6779292470788063,0.9954326062242498,32
1,16977,0.6161495755472235,0.3376074880411099,0.04624293641166659,55281.0,34830.0,8193.0,0.562347412109375,0.912680028400466,0.35430908203125,1.0494704489140547,0.083343505859375,1.8022970063455646,57167.0,35278.0,8274.0,0.567589034839504,0.9907651092456162,0.3502616189596799,1.011555542635792,0.08214934620081613,1.0145364475042775,32
0,61965,0.046248384769417596,0.3376219267026616,0.6161296885279208,17873.0,109704.0,258540.0,0.04628907818096587,1.0008798882761238,0.28412113426759245,0.8415363807748586,0.6695897875514416,1.0867676075652994,18181.0,113402.0,269532.0,0.045326153347543724,1.0212443536966131,0.28271692656719394,1.0049668327872996,0.6719569200852623,0.9964772555158442,33
1,16977,0.6161495755472235,0.3376074880411099,0.04624293641166659,54852.0,35746.0,9441.0,0.548306160597367,0.8898913224283204,0.3573206449484701,1.058390757331069,0.09437319445416288,2.0408131874245243,56701.0,36362.0,9471.0,0.5529970546355355,0.9915173254561724,0.35463358495718494,1.0075770037166942,0.09236936040727954,1.0216937092348366,33
0,61965,0.046248384769417596,0.3376219267026616,0.6161296885279208,17828.0,109724.0,257901.0,0.04625207223708208,1.0000797318151298,0.28466246209006024,0.8431397358287042,0.6690854656728576,1.0859490755452161,18079.0,113208.0,268593.0,0.0452110633189957,1.0230255349391217,0.2831049314794438,1.0055016018353233,0.6716840052015605,0.9961313065242293,34
1,16977,0.6161495755472235,0.3376074880411099,0.04624293641166659,54862.0,35656.0,9177.0,0.5502984101509605,0.8931247086589675,0.35765083504689305,1.0593687868775663,0.09205075480214654,1.9905906057237996,56604.0,36158.0,9231.0,0.5549792632827744,0.9915657152591143,0.3545145255066524,1.0088467730222292,0.09050621121057327,1.0170656087677752,34
0,61965,0.046248384769417596,0.3376219267026616,0.6161296885279208,17931.0,107474.0,256824.0,0.04691166813611736,1.0143417628530536,0.28117699075684993,0.832816142905547,0.6719113411070327,1.090535570055693,18243.0,111326.0,268809.0,0.04579319139109087,1.0244245205684461,0.27944816229811886,1.0061865801675474,0.6747586463107903,0.9957802612544128,35
1,16977,0.6161495755472235,0.3376074880411099,0.04624293641166659,53737.0,35862.0,9867.0,0.54025496149438,0.8768243668991594,0.3605453119658979,1.0679422842718314,0.09919972653972212,2.1451865784780724,55663.0,36486.0,9951.0,0.5451811949069539,0.9909640437737133,0.3573555337904016,1.0089260634686776,0.09746327130264447,1.0178165088639963,35
0,61965,0.046248384769417596,0.3376219267026616,0.6161296885279208,17881.0,108186.0,256275.0,0.046767030564259224,1.0112143547807662,0.282956096897542,0.8380856648174306,0.6702768725381988,1.0878827704921157,18036.0,111302.0,266925.0,0.045515225998894675,1.0275029847241657,0.28087911311427005,1.0073945825314072,0.6736056608868353,0.9950582536015894,36
1,16977,0.6161495755472235,0.3376074880411099,0.04624293641166659,54093.0,35762.0,9591.0,0.5439434466946885,0.8828107139595021,0.35961225187538964,1.065178541986605,0.09644430142992176,2.0856007190233257,55651.0,36072.0,9627.0,0.5490971879625062,0.9906141546873674,0.3559151455352738,1.010387606109191,0.09498766650222003,1.0153349901238777,36
0,61965,0.046248384769417596,0.3376219267026616,0.6161296885279208,17797.0,109638.0,260673.0,0.04585579271749101,0.9915112267404809,0.28249353272800354,0.8367155992708708,0.6716506745545054,1.0901124991383508,18067.0,113390.0,272625.0,0.04471122197969719,1.025599182646217,0.2806113610603788,1.0067073965234776,0.674677416959924,0.9955137932153458,37
1,16977,0.6161495755472235,0.3376074880411099,0.04624293641166659,54819.0,35594.0,9036.0,0.5512272622148036,0.8946322193360918,0.35791209564701504,1.0601426458984011,0.09086064213818137,1.9648545094393752,56695.0,36134.0,9111.0,0.556160486560722,0.991129854664028,0.35446340984893077,1.0097293139496515,0.08937610359034727,1.0166100164160037,37
0,61965,0.046248384769417596,0.3376219267026616,0.6161296885279208,17197.0,105402.0,262065.0,0.04470654909219475,0.9666618480859378,0.27401056506457583,0.8115899572656982,0.6812828858432294,1.1057459144209962,17423.0,108662.0,272244.0,0.04374022478905628,1.0220923488116194,0.27279459943915707,1.0044574402422874,0.6834651757717867,0.9968070210364515,38
1,16977,0.6161495755472235,0.3376074880411099,0.04624293641166659,52701.0,34394.0,9639.0,0.5448032749602001,0.8842062002174418,0.3555523394049662,1.053153001635056,0.09964438563483367,2.154802297755782,54331.0,34846.0,9753.0,0.5491862933387244,0.9920190681528518,0.3522288486808855,1.0094356005663006,0.09858485798039017,1.0107473670515836,38
0,61965,0.046248384769417596,0.3376219267026616,0.6161296885279208,17728.0,110764.0,269937.0,0.04449475314296901,0.9620823162756551,0.27800185227480934,0.8234117226623177,0.6775033945822216,1.0996116681228867,17960.0,114446.0,280671.0,0.043478576633412175,1.0233718899798556,0.27705730408616314,1.0034092159806494,0.6794641192804247,0.997114307227467,39
1,16977,0.6161495755472235,0.3376074880411099,0.04624293641166659,55382.0,35456.0,9258.0,0.5532888427109974,0.8979781284757077,0.35421994884910485,1.049206434680655,0.09249120843989769,2.0001153823043807,57223.0,35920.0,9369.0,0.5582078195723428,0.9911879112243288,0.35039800218511,1.010907444221031,0.09139417824254721,1.0120032831242174,39
0,61965,0.046248384769417596,0.3376219267026616,0.6161296885279208,17267.0,108906.0,264327.0,0.044217669654289374,0.9560911126896033,0.2788886043533931,0.8260381873805428,0.6768937259923176,1.0986221547115775,17466.0,111962.0,274077.0,0.043285708975105634,1.0215304473751308,0.2774736372535656,1.0050994649936218,0.6792406537713287,0.9965447772214747,40
1,16977,0.6161495755472235,0.3376074880411099,0.04624293641166659,54453.0,34534.0,8274.0,0.5598646939677774,0.9086506202175704,0.35506523683696445,1.051710194276641,0.08507006919525811,1.83963380780888,55981.0,34932.0,8292.0,0.5642961544277002,0.9921469242256008,0.352119348823144,1.0083661634149508,0.08358449674915579,1.017773301316399,40
0,61965,0.046248384769417596,0.3376219267026616,0.6161296885279208,18551.0,115452.0,267123.0,0.04624731381162029,0.9999768433470132,0.287819787298754,0.8524913950634267,0.6659328988896257,1.080832349567015,18933.0,119724.0,280083.0,0.04521421407078378,1.0228490036168532,0.28591488751970195,1.0066624714633678,0.6688708984095143,0.9956075237734595,41
1,16977,0.6161495755472235,0.3376074880411099,0.04624293641166659,57726.0,37102.0,9426.0,0.5537053734149289,0.8986541505334386,0.3558808295125367,1.054125995775312,0.09041379707253439,1.9551915187142823,59862.0,37866.0,9564.0,0.5579353539872497,0.9924185113166041,0.35292472877754166,1.0083760090862275,0.08913991723520859,1.0142907899943914,41
0,61965,0.046248384769417596,0.3376219267026616,0.6161296885279208,17781.0,111748.0,273015.0,0.04417156882229024,0.9550943031311943,0.27760443578838584,0.8222346175782231,0.6782239953893239,1.1007812283965102,18053.0,115394.0,283818.0,0.043265071357530584,1.0209521777340573,0.27654847638790697,1.003818351900799,0.6801864522545624,0.9971148251207683,42
1,16977,0.6161495755472235,0.3376074880411099,0.04624293641166659,55874.0,35562.0,9582.0,0.5531093468490764,0.8976868098267229,0.35203627076362626,1.0427383373699324,0.09485438238729732,2.051218840059789,57697.0,36106.0,9612.0,0.5579171300101533,0.9913826213563484,0.34913697239278635,1.0083041860361273,0.09294589759706039,1.0205332869935864,42
0,61965,0.046248384769417596,0.3376219267026616,0.6161296885279208,18076.0,110710.0,261348.0,0.04633279847437034,1.0018252249321487,0.28377429293524786,0.8405090738824066,0.6698929085903818,1.087259583596619,18341.0,114252.0,272556.0,0.04526976495067247,1.0234821966682661,0.2819999555719007,1.0062919774570487,0.6727302794774268,0.995782305370216,43
1,16977,0.6161495755472235,0.3376074880411099,0.04624293641166659,55355.0,36152.0,8967.0,0.5509385512669944,0.8941636465101629,0.35981447936779665,1.0657775437847594,0.08924696936520891,1.9299589578548666,57126.0,36682.0,9078.0,0.5552358921524795,0.9922603330472287,0.3565305289349377,1.0092108533949928,0.08823357891258286,1.0114853150593615,43
0,61965,0.046248384769417596,0.3376219267026616,0.6161296885279208,17977.0,108314.0,262992.0,0.04617977152868222,0.9985164186581333,0.2782397381853305,0.8241163152604478,0.6755804902859873,1.0964907273014364,18212.0,111934.0,274881.0,0.04496490357432961,1.0270181376536116,0.2763618227920608,1.0067951331855365,0.6786732736336096,0.995442897977898,44
1,16977,0.6161495755472235,0.3376074880411099,0.04624293641166659,54157.0,35954.0,9189.0,0.5453877139979859,0.8851547345684827,0.3620745216515609,1.0724718333482925,0.09253776435045317,2.0011221503465535,55967.0,36424.0,9147.0,0.5511926569363194,0.9894683957319045,0.3587228426795879,1.0093433664467437,0.09008450038409266,1.0272329197131644,44
0,61965,0.046248384769417596,0.3376219267026616,0.6161296885279208,17737.0,106778.0,256011.0,0.04661179525183562,1.0078577983691732,0.2806063186221178,0.8311258731404713,0.6727818861260466,1.0919484950213667,18012.0,109966.0,266454.0,0.04566566607171832,1.0207186111909852,0.278795838065877,1.0064939296396993,0.6755384958624047,0.995919389119581,45
1,16977,0.6161495755472235,0.3376074880411099,0.04624293641166659,53389.0,35474.0,9963.0,0.5402323275251452,0.8767876323623958,0.3589541213850606,1.0632291465684296,0.10081355108979419,2.1800854122308726,54983.0,36024.0,10059.0,0.5440306334474502,0.9930182131505433,0.356440345912572,1.0070524437014916,0.09952902063997783,1.0129060895159698,45
0,61965,0.046248384769417596,0.3376219267026616,0.6161296885279208,18092.0,108666.0,252285.0,0.047730732397115894,1.032051878894558,0.2866851518165485,0.8491307262428713,0.6655841157863356,1.080266262410716,18483.0,112582.0,264621.0,0.0467112811673903,1.0218245187082833,0.2845235868845499,1.0075971379233164,0.6687651319480599,0.9952434479464289,46
1,16977,0.6161495755472235,0.3376074880411099,0.04624293641166659,54333.0,36184.0,9213.0,0.5448009625990173,0.8842024472956278,0.36281961295497844,1.074678808400122,0.09237942444600421,1.9976980618968194,56291.0,36966.0,9387.0,0.5484100385799462,0.9934190191151967,0.36013795253497527,1.0074462033260512,0.09145200888507853,1.0101410080787958,46
0,61965,0.046248384769417596,0.3376219267026616,0.6161296885279208,17653.0,109860.0,264078.0,0.04508019847238573,0.9747410357603592,0.28054781647177796,0.8309525960345936,0.6743719850558363,1.094529281111368,17927.0,113224.0,275334.0,0.044102488406706275,1.02216904535325,0.2785441037184644,1.007193520618691,0.6773534078748293,0.9955984235344041,47
1,16977,0.6161495755472235,0.3376074880411099,0.04624293641166659,54930.0,35306.0,9258.0,0.5520935935835327,0.8960382600169764,0.35485556918005107,1.0510891545653185,0.09305083723641627,2.0122173126735214,56612.0,35854.0,9309.0,0.5562466224514862,0.9925338353522934,0.35228690739376073,1.0072913915685753,0.09146647015475314,1.0173218347552118,47
0,61965,0.046248384769417596,0.3376219267026616,0.6161296885279208,18109.0,108588.0,259302.0,0.04691462931251117,1.0144057905246917,0.28131679097614243,0.8332302161876286,0.6717685797113464,1.0903038633252036,18318.0,111882.0,269904.0,0.045783096394937314,1.0247150806012102,0.2796322956031432,1.006023965756051,0.6745846080019196,0.9958255372904015,48
1,16977,0.6161495755472235,0.3376074880411099,0.04624293641166659,54294.0,36218.0,9846.0,0.5410032085135216,0.8780387587430181,0.36088802088523086,1.068957394811356,0.09810877060124754,2.121594738877693,55941.0,36636.0,9879.0,0.5460002342468963,0.9908479421437115,0.35757788709299604,1.009257098695742,0.09642187866010775,1.017494908464563,48
0,61965,0.046248384769417596,0.3376219267026616,0.6161296885279208,17646.0,107328.0,257937.0,0.04608381582143109,0.9964416282037307,0.28029489881460706,0.8302034810122342,0.6736212853639618,1.093310869296693,17880.0,110972.0,269490.0,0.044886052688393394,1.026684528072735,0.2785847337212747,1.0061387609812225,0.6765292135903319,0.9957016959978154,49
1,16977,0.6161495755472235,0.3376074880411099,0.04624293641166659,53664.0,35292.0,9705.0,0.5439231307203454,0.8827777414879636,0.357709733329279,1.0595432447449782,0.09836713595037552,2.127181869998173,55486.0,35760.0,9720.0,0.5495513341124735,0.989758548396179,0.35417863439177544,1.0099698248133107,0.09627003149575104,1.0217835646466682,49
0,61965,0.046248384769417596,0.3376219267026616,0.6161296885279208,17384.0,105992.0,258204.0,0.04555794328843231,0.9850710141677889,0.2777713716651816,0.8227290637725984,0.6766706850463861,1.098260151467643,17777.0,109810.0,269235.0,0.04479842347450494,1.0169541638972992,0.27672356875374854,1.0037864606768117,0.6784780077717465,0.9973362103050384,50
1,16977,0.6161495755472235,0.3376074880411099,0.04624293641166659,52996.0,34768.0,9375.0,0.5455687211109853,0.8854485059515737,0.35792009388608076,1.0601663368393577,0.09651118500293394,2.0870470712276226,54905.0,35554.0,9495.0,0.5493026792324469,0.9932023668140867,0.3557036236668868,1.0062312275493421,0.09499369710066631,1.0159746167228287,50
0,61965,0.046248384769417596,0.3376219267026616,0.6161296885279208,17944.0,107686.0,256671.0,0.046936837727340495,1.0148859892373614,0.2816785726430221,0.8343017747514131,0.6713845896296374,1.0896806340134877,18217.0,111460.0,268095.0,0.045797592590730365,1.024875655512965,0.2802107740112426,1.0052381948444302,0.673991633398027,0.9961319345238073,51
1,16977,0.6161495755472235,0.3376074880411099,0.04624293641166659,53843.0,35888.0,9591.0,0.5421054751213226,0.879827718196284,0.3613298161535209,1.0702660010595568,0.09656470872515656,2.0882045176697375,55730.0,36434.0,9594.0,0.5476719275142986,0.9898361553453354,0.35804555907152263,1.0091727351416253,0.09428251341417873,1.0242059235412218,51
0,61965,0.046248384769417596,0.3376219267026616,0.6161296885279208,18355.0,111342.0,267006.0,0.046268871170623865,1.000442964685327,0.2806684093641843,0.8313097792708369,0.6730627194651918,1.092404297337623,18665.0,114756.0,278400.0,0.04532308940049196,1.0208675485859893,0.2786550467314683,1.007225286806509,0.6760218638680398,0.9956227090261306,52
1,16977,0.6161495755472235,0.3376074880411099,0.04624293641166659,55671.0,36710.0,9807.0,0.5447899949113398,0.884184646930079,0.35923983246565155,1.064075428391883,0.09597017262300857,2.0753477194583243,57378.0,37330.0,9957.0,0.548206181627096,0.9937684272263826,0.35666173028232934,1.0072284239222453,0.09513208809057469,1.0088096934405133,52
0,61965,0.046248384769417596,0.3376219267026616,0.6161296885279208,17473.0,108124.0,254019.0,0.04602809154514035,0.9952367369071251,0.2848246649245553,0.8436201632585196,0.6691472435303043,1.086049343165162,17747.0,111468.0,264987.0,0.04502006585456188,1.0223905867626875,0.2827687327816703,1.0072707195122328,0.6722112013637678,0.9954419714708006,53
1,16977,0.6161495755472235,0.3376074880411099,0.04624293641166659,54062.0,34946.0,9174.0,0.5506304617954412,0.893663622678645,0.35593082235032897,1.0542740755412032,0.0934387158542299,2.0206051584271005,55734.0,35494.0,9213.0,0.5548929222130405,0.992318409107473,0.35338158720044605,1.0072138312866792,0.09172549058651347,1.0186777443953876,53
0,61965,0.046248384769417596,0.3376219267026616,0.6161296885279208,17526.0,108984.0,256236.0,0.045790158486306846,0.9900920586655005,0.28474236177517204,0.8433763901416871,0.669467479738521,1.0865690977138869,17785.0,112118.0,265440.0,0.0449862524440802,1.017870038034974,0.28359677545827294,1.0040394899238467,0.6714169720976468,0.9970964505811714,54
1,16977,0.6161495755472235,0.3376074880411099,0.04624293641166659,54492.0,35052.0,8898.0,0.5535442189309441,0.8983925996205102,0.3560675321509112,1.0546790126513825,0.09038824891814469,1.9546390418092203,56059.0,35570.0,8949.0,0.5573684105868082,0.9931388439258013,0.35365586907673646,1.0068192366790651,0.08897572033645529,1.0158754385617563,54
0,61965,0.046248384769417596,0.3376219267026616,0.6161296885279208,18352.0,111528.0,264798.0,0.04649866473428972,1.005411647695805,0.2825797232174076,0.8369708862726536,0.6709216120483027,1.088929205231601,18668.0,115036.0,274293.0,0.04575523839636076,1.0162478956286696,0.28195305357637435,1.0022226027811523,0.6722917080272649,0.9979620513497295,55
1,16977,0.6161495755472235,0.3376074880411099,0.04624293641166659,55764.0,36704.0,9744.0,0.5455719484991978,0.8854537439462759,0.3590967792431417,1.0636517019415608,0.09533127225766055,2.0615315474129257,57518.0,37336.0,9864.0,0.5492656467846979,0.9932752060735595,0.35653851295861266,1.007175287357599,0.0941958402566894,1.012053950555322,55
0,61965,0.046248384769417596,0.3376219267026616,0.6161296885279208,17917.0,108278.0,256617.0,0.04680365296803653,1.0120062181930753,0.2828490224966824,0.8377685219058155,0.670347324535281,1.0879971165435947,18108.0,111370.0,267195.0,0.04564969130744971,1.0252786300966399,0.2807602231561009,1.0074397979781493,0.6735900855364494,0.9951858540219074,56
1,16977,0.6161495755472235,0.3376074880411099,0.04624293641166659,54139.0,35834.0,9228.0,0.5457505468694872,0.8857436059820174,0.3612261973165593,1.06995908003253,0.09302325581395349,2.011620866500267,55685.0,36216.0,9306.0,0.5502089776398865,0.9918968411065852,0.35784086081002303,1.009460452612575,0.0919501615500904,1.0116703901958726,56
0,61965,0.046248384769417596,0.3376219267026616,0.6161296885279208,17837.0,107716.0,262266.0,0.04599310503095516,0.9944802453159134,0.2777481247695446,0.8226602089566092,0.6762587701995003,1.0975915992869003,18022.0,110586.0,272235.0,0.04496024628096287,1.0229727111265763,0.2758835753649184,1.0067584646971457,0.6791561783541187,0.995733811681372,57
1,16977,0.6161495755472235,0.3376074880411099,0.04624293641166659,53858.0,35674.0,9807.0,0.5421637020706872,0.8799222195181634,0.3591137418335196,1.0637019454668935,0.0987225560957932,2.1348678037428126,55293.0,36044.0,9813.0,0.5466435986159169,0.9918047214737853,0.35634206623826004,1.0077781319071275,0.09701433514582304,1.0176079230703639,57
0,61965,0.046248384769417596,0.3376219267026616,0.6161296885279208,17694.0,107526.0,250974.0,0.047034242970382306,1.0169921221007565,0.2858259302381218,0.846585803918607,0.6671398267914959,1.0827912356982023,17947.0,111228.0,262284.0,0.0458464360252287,1.0259083812861696,0.28413703606252505,1.0059439423983614,0.6700165279122462,0.9957065221514549,58
1,16977,0.6161495755472235,0.3376074880411099,0.04624293641166659,53763.0,35388.0,9399.0,0.5455403348554033,0.8854024355545328,0.3590867579908676,1.0636220187958099,0.09537290715372908,2.0624318988892654,55614.0,35894.0,9534.0,0.5504047821697908,0.9911620547786467,0.3552384157083193,1.0108331253388656,0.0943568021218899,1.0107687523208615,58
0,61965,0.046248384769417596,0.3376219267026616,0.6161296885279208,17976.0,106724.0,257019.0,0.04709223276808333,1.0182459993548518,0.2795878643714355,0.8281093206889498,0.6733199028604812,1.0928217149691346,18252.0,110414.0,267693.0,0.046049162501671466,1.0226512320690742,0.27857068970302173,1.0036514059303876,0.6753801477953068,0.9969495032663441,59
1,16977,0.6161495755472235,0.3376074880411099,0.04624293641166659,53362.0,35952.0,9384.0,0.540659385195242,0.8774807395023586,0.36426270035866987,1.0789532615885409,0.09507791444608807,2.0560527039130876,55207.0,36504.0,9468.0,0.5456369404718371,0.9908775324627201,0.36078632917897985,1.0096355402035353,0.09357673034918314,1.016042279862774,59
0,61965,0.046248384769417596,0.3376219267026616,0.6161296885279208,17521.0,109804.0,265824.0,0.0445658007523865,0.9636185344543379,0.27929360115376106,0.8272377445429681,0.6761405980938524,1.097399801832812,17888.0,113568.0,277128.0,0.043780471090400015,1.0179378988491217,0.2779550838995164,1.0048155883154437,0.6782644450100836,0.9968687037454843,60
1,16977,0.6161495755472235,0.3376074880411099,0.04624293641166659,54902.0,35042.0,9159.0,0.553989283876371,0.899114932253835,0.3535917177078393,1.0473456017207268,0.09241899841578963,1.9985538459982684,56784.0,35776.0,9222.0,0.557898253129237,0.9929934011606226,0.3514963353048673,1.005961320766416,0.09060541156589574,1.0200163193185752,60
0,61965,0.046248384769417596,0.3376219267026616,0.6161296885279208,17801.0,109298.0,261594.0,0.045797068637716654,0.9902414725627482,0.28119364125415175,0.832865459895899,0.6730092901081316,1.0923175796253375,18080.0,112952.0,272880.0,0.04476222543524332,1.0231186718803875,0.2796450712036285,1.005537626834823,0.6755927033611282,0.9961760788117694,61
1,16977,0.6161495755472235,0.3376074880411099,0.04624293641166659,54649.0,35602.0,8763.0,0.5519320500131295,0.8957760776235865,0.35956531399600056,1.0650395110674111,0.08850263599086998,1.9138628049697495,56476.0,36160.0,8880.0,0.556326096378896,0.99210167131406,0.35620000788053113,1.00944779910448,0.08747389574057292,1.0117605400055356,61
0,61965,0.046248384769417596,0.3376219267026616,0.6161296885279208,17637.0,111632.0,259791.0,0.04533233948491235,0.9801929237297171,0.286927466200586,0.8498484355054302,0.6677401943145016,1.083765653153138,17910.0,115062.0,270885.0,0.044347380384641095,1.0222100852796343,0.28490777676256696,1.007088923514019,0.6707448428527919,0.9955204299066825,62
1,16977,0.6161495755472235,0.3376074880411099,0.04624293641166659,55816.0,35274.0,8670.0,0.5595028067361668,0.9080632835610627,0.353588612670409,1.0473364045389688,0.08690858059342421,1.8793914776462621,57531.0,35820.0,8751.0,0.563465945818887,0.9929664975991397,0.350825644943292,1.0078756150439447,0.085708409237821,1.0140029591760713,62
0,61965,0.046248384769417596,0.3376219267026616,0.6161296885279208,18492.0,111414.0,263559.0,0.046997826998589454,1.0162047222385902,0.2831611452098662,0.8386929959654007,0.6698410277915443,1.0871753792484056,18825.0,114782.0,273408.0,0.04625136665724851,1.016139206153035,0.282009262557891,1.004084556094106,0.6717393707848605,0.9971739887880948,63
1,16977,0.6161495755472235,0.3376074880411099,0.04624293641166659,55707.0,36984.0,9711.0,0.5440030468154918,0.8829074439146438,0.36116482099958985,1.0697772821780878,0.09483213218491826,2.050737681117351,57391.0,37650.0,9816.0,0.5473263587552571,0.9939280981326694,0.3590604346872407,1.0058608136933331,0.09361320655750212,1.0130208725054985,63
0,61965,0.046248384769417596,0.3376219267026616,0.6161296885279208,17886.0,107808.0,258714.0,0.046528688268714494,1.0060608278687877,0.2804520197290379,0.8306688563389061,0.6730192920022476,1.0923338130487585,18062.0,111478.0,269883.0,0.04522023018203759,1.028935237202677,0.2790975982855269,1.0048528595438695,0.6756821715324356,0.9960589761838046,64
1,16977,0.6161495755472235,0.3376074880411099,0.04624293641166659,53904.0,35772.0,9855.0,0.5415800102480635,0.8789748978842804,0.3594056123217892,1.064566471576676,0.09901437743014739,2.141178418011689,55739.0,36124.0,9879.0,0.5478465137308093,0.9885615709406067,0.3550549428947731,1.012253510376577,0.09709854337441765,1.019730821793507,64
0,61965,0.046248384769417596,0.3376219267026616,0.6161296885279208,18613.0,110512.0,260778.0,0.0477375142022503,1.0321985176402835,0.283434597835872,0.8395029333669091,0.6688278879618776,1.085531017925569,18894.0,113820.0,272163.0,0.04666602449632851,1.022960809657272,0.2811224149556532,1.0082248257599222,0.6722115605480183,0.9949663576398743,65
1,16977,0.6161495755472235,0.3376074880411099,0.04624293641166659,55256.0,37226.0,11145.0,0.5332201067289413,0.865406920479285,0.35923070242311367,1.0640483850268474,0.10754919084794504,2.3257431122131673,56910.0,37788.0,11169.0,0.5375612797188926,0.9919243197869061,0.35693842273796367,1.0064220592100077,0.10550029754314376,1.019420734846396,65
0,61965,0.046248384769417596,0.3376219267026616,0.6161296885279208,17603.0,106892.0,256104.0,0.04625077837829317,1.0000517555129222,0.28085202536002457,0.8318536301919945,0.6728971962616822,1.0921356473981838,17848.0,110312.0,267810.0,0.04507412177690229,1.0261049257313282,0.27858676162335533,1.008131268418748,0.6763391165997424,0.9949109547953336,66
1,16977,0.6161495755472235,0.3376074880411099,0.04624293641166659,53446.0,35206.0,9753.0,0.5431228088003658,0.8814788329895381,0.357766373659875,1.0597110145149102,0.09911081753975916,2.1432639280829617,55156.0,35696.0,9864.0,0.5476389054370706,0.9917535138722466,0.3544223360737122,1.0094351773175698,0.09793875848921721,1.0119672647338183,66
0,61965,0.046248384769417596,0.3376219267026616,0.6161296885279208,18017.0,108790.0,254829.0,0.04720990682220755,1.0207903920879366,0.2850622058715635,0.8443237341116573,0.667727887306229,1.0837456784489454,18285.0,112324.0,265344.0,0.04617972335100378,1.0223081343163,0.28368013375324846,1.0048719383343114,0.6701401428957477,0.9964003714520143,67
1,16977,0.6161495755472235,0.3376074880411099,0.04624293641166659,54395.0,36034.0,9537.0,0.5441350059020067,0.883121611207379,0.36046255726947163,1.067697163238212,0.0954024368285217,2.063070475871699,56162.0,36570.0,9588.0,0.5488858483189992,0.9913445711316072,0.35740813135261923,1.0085460448403702,0.09370602032838155,1.018103602033202,67
0,61965,0.046248384769417596,0.3376219267026616,0.6161296885279208,18040.0,111084.0,264231.0,0.04586188048963404,0.9916428588433831,0.282401393143598,0.836442691686623,0.671736726366768,1.09025216423462,18411.0,114980.0,275928.0,0.0449795880474642,1.0196153962379293,0.2809056017433835,1.0053248898951503,0.6741148102091523,0.9964722866099819,68
1,16977,0.6161495755472235,0.3376074880411099,0.04624293641166659,55542.0,36080.0,9384.0,0.5498881254578936,0.8924588237677825,0.35720650258400494,1.0580526654092117,0.0929053719581015,2.0090716370395216,57490.0,36822.0,9423.0,0.5542006073167205,0.9922185544333726,0.35496216320431867,1.0063227566550366,0.09083722947896081,1.022767564477731,68
0,61965,0.046248384769417596,0.3376219267026616,0.6161296885279208,18133.0,112392.0,273204.0,0.044913791181708525,0.9711429146258187,0.278384758092681,0.8245458486997206,0.6767014507256105,1.0983100852393752,18370.0,116034.0,284778.0,0.04382344661745972,1.0248803927670629,0.2768105500713294,1.0056869509523605,0.6793660033112109,0.9960778835375727,69
1,16977,0.6161495755472235,0.3376074880411099,0.04624293641166659,56196.0,36266.0,9693.0,0.5501052322451178,0.892811184291656,0.355009544319906,1.0515452319489935,0.09488522343497627,2.051885775381638,58017.0,36740.0,9693.0,0.5554523695548109,0.9903733648413835,0.3517472474868358,1.0092745482910774,0.09280038295835327,1.0224658607018748,69
0,61965,0.046248384769417596,0.3376219267026616,0.6161296885279208,18033.0,110136.0,262362.0,0.046175591694385336,0.9984260407061741,0.28201602433609624,0.8353012705376311,0.6718083839695185,1.090368467026199,18354.0,113328.0,273891.0,0.04525449179309274,1.020353778482453,0.27942688492577167,1.0092658922601967,0.6753186232811356,0.9948020990527966,70
1,16977,0.6161495755472235,0.3376074880411099,0.04624293641166659,55068.0,36066.0,9909.0,0.5449956949021704,0.8845184944226263,0.3569371455716873,1.0572548246566844,0.09806715952614234,2.1206949025278825,56664.0,36708.0,10035.0,0.5479706402854739,0.9945709766827038,0.35498563927006876,1.0054974232355745,0.09704372044445733,1.0105461649347087,70
0,61965,0.046248384769417596,0.3376219267026616,0.6161296885279208,17958.0,110448.0,260646.0,0.04615835415317233,0.99805332409566,0.28389007125011567,0.8408519968554449,0.6699515745967121,1.0873548005735358,18285.0,114030.0,270966.0,0.04534059377952346,1.0180359431908936,0.28275569640027676,1.004011854983933,0.6719037098201998,0.9970946205610175,71
1,16977,0.6161495755472235,0.3376074880411099,0.04624293641166659,55224.0,35916.0,9468.0,0.5489026717557252,0.8908594496202094,0.3569895038167939,1.0574099108054258,0.09410782442748092,2.03507458068209,57015.0,36570.0,9564.0,0.55274408864846,0.9930502795568059,0.354535671698223,1.0069212559255802,0.09272023965331705,1.0149652845953816,71
0,61965,0.046248384769417596,0.3376219267026616,0.6161296885279208,17777.0,109874.0,262782.0,0.04553149964270438,0.9844992396969663,0.28141576147508024,0.8335233562093813,0.6730527388822154,1.092388098502926,18132.0,113272.0,272484.0,0.044893633878699046,1.0142083789815015,0.28045398724398846,1.0034293476821032,0.6746523788773126,0.9976289418889189,72
1,16977,0.6161495755472235,0.3376074880411099,0.04624293641166659,54937.0,35554.0,9336.0,0.5503220571588848,0.8931630873398314,0.3561561501397418,1.0549415008720815,0.09352179270137338,2.022401688958897,56636.0,36264.0,9477.0,0.5532101936958497,0.9947793143187222,0.3542201861746291,1.0054654252938546,0.09256962012952127,1.0102860157632694,72
0,61965,0.046248384769417596,0.3376219267026616,0.6161296885279208,18293.0,112302.0,257349.0,0.04715371290701751,1.0195753460821095,0.28947992493761987,0.857408545010053,0.6633663621553626,1.0766667708227164,18513.0,116018.0,268383.0,0.04594777049196603,1.0262459397298143,0.287947303891153,1.0053225747411279,0.6661049256168811,0.9958886905708102,73
1,16977,0.6161495755472235,0.3376074880411099,0.04624293641166659,56151.0,36586.0,9360.0,0.54997698267334,0.8926030374765522,0.35834549497046925,1.0614263831933552,0.09167752235619069,1.9825194823281476,58009.0,37026.0,9411.0,0.5553970472780193,0.990241099351819,0.3544989755471727,1.0108505798002925,0.09010397717480803,1.0174636595488995,73
0,61965,0.046248384769417596,0.3376219267026616,0.6161296885279208,18193.0,110234.0,258717.0,0.04699285020560825,1.0160971121456968,0.28473642882235034,0.8433588173706303,0.6682707209720414,1.0846267164445489,18495.0,113924.0,269415.0,0.04602646864127973,1.0209962135453032,0.2835101061632415,1.0043254989238468,0.6704634251954787,0.9967295692187862,74
1,16977,0.6161495755472235,0.3376074880411099,0.04624293641166659,55117.0,36386.0,9579.0,0.5452701766882333,0.884963973567555,0.3599651767871629,1.0662239124960715,0.09476464652460379,2.049278308820711,56962.0,36990.0,9669.0,0.5497148261452794,0.9919146269199014,0.35697397245732043,1.0083793345191296,0.09331120139740014,1.0155763199427004,74
0,61965,0.046248384769417596,0.3376219267026616,0.6161296885279208,18345.0,110744.0,259929.0,0.04715720095214103,1.0196507659079241,0.284675773357531,0.8431791623778054,0.6681670256903279,1.084458415381243,18534.0,114052.0,271104.0,0.045911466719512496,1.0271334009048134,0.2825237186950383,1.0076172530661602,0.6715648145854493,0.9949404899998837,75
1,16977,0.6161495755472235,0.3376074880411099,0.04624293641166659,55372.0,36690.0,9549.0,0.5449410004822313,0.8844297263343086,0.3610829536172265,1.069534789386123,0.09397604590054226,2.032224880010715,57026.0,37068.0,9543.0,0.5502474984802724,0.9903561615224109,0.35767148798209136,1.0095379859724964,0.09208101353763617,1.0205800554327253,75
0,61965,0.046248384769417596,0.3376219267026616,0.6161296885279208,18095.0,109018.0,255270.0,0.04732166440453681,1.0232068566387844,0.28510158662911267,0.8444403756992869,0.6675767489663504,1.0835003756455053,18235.0,112458.0,265254.0,0.04605414361012964,1.027522405044318,0.2840228616456243,1.003798021670644,0.6699229947442461,0.9964977381037781,76
1,16977,0.6161495755472235,0.3376074880411099,0.04624293641166659,54509.0,36190.0,9354.0,0.5448012553346726,0.8842029224004837,0.36170829460385995,1.0713870616513557,0.09349045006146742,2.021723906743102,56229.0,36470.0,9339.0,0.551059409239695,0.9886434133959225,0.3574158646778651,1.012009623383292,0.09152472608243988,1.021477518296607,76
0,61965,0.046248384769417596,0.3376219267026616,0.6161296885279208,17999.0,107578.0,249591.0,0.04797584015694302,1.0373516912242031,0.2867462043671102,0.8493115573611518,0.6652779554759468,1.0797693535357025,18240.0,110990.0,259980.0,0.04686416073584954,1.0237213129102956,0.2851673903548213,1.0055364465422376,0.6679684489093292,0.9959721249742028,77
1,16977,0.6161495755472235,0.3376074880411099,0.04624293641166659,53789.0,35998.0,9588.0,0.5412729559748428,0.8784765541615764,0.3622440251572327,1.0729739060560257,0.09648301886792453,2.0864379806898015,55495.0,36480.0,9720.0,0.5457003785830179,0.991886715161035,0.35871970106691575,1.0098247296700873,0.09557992035006638,1.009448621787406,77
0,61965,0.046248384769417596,0.3376219267026616,0.6161296885279208,17994.0,108252.0,252330.0,0.04753074679852923,1.0277277149354547,0.28594522632179536,0.8469391461462243,0.6665240268796754,1.0817917709373144,18346.0,112102.0,264528.0,0.046448391801020825,1.0233023137193873,0.28381977639147693,1.007488730902905,0.6697318318075022,0.9952103143743826,78
1,16977,0.6161495755472235,0.3376074880411099,0.04624293641166659,54126.0,35988.0,9333.0,0.5442698120606957,0.8833403992485284,0.36188120305288246,1.071899219868064,0.09384898488642192,2.029477195196991,56051.0,36692.0,9459.0,0.5484334944521634,0.9924080450344726,0.35901450069470264,1.0079849208113674,0.09255200485313399,1.0140135271553117,78
0,61965,0.046248384769417596,0.3376219267026616,0.6161296885279208,17333.0,104496.0,251754.0,0.046396650811198585,1.0032058642160198,0.2797129419700575,0.8284797871448568,0.6738904072187439,1.0937476634648577,17677.0,108338.0,262620.0,0.04548483795849576,1.020046523053129,0.27876542256873416,1.0033989846825058,0.6757497394727701,0.9972484898692277,79
1,16977,0.6161495755472235,0.3376074880411099,0.04624293641166659,52248.0,34666.0,9177.0,0.5437345849247068,0.8824717349546132,0.3607621941701096,1.0685846936137273,0.09550322090518362,2.065249923901658,54169.0,35354.0,9228.0,0.5485412805946269,0.9912373127785213,0.35801156443985377,1.0076830750832293,0.09344715496551934,1.0220024455578445,79
0,61965,0.046248384769417596,0.3376219267026616,0.6161296885279208,16907.0,106092.0,256278.0,0.044576918716399884,0.9638589312610331,0.2797216809877741,0.8285056711797059,0.675701400295826,1.0966869684696352,17092.0,109150.0,268071.0,0.043346275674400796,1.0283909752995428,0.2768105540522377,1.0105166760909956,0.6798431702733615,0.9939077567317914,80
1,16977,0.6161495755472235,0.3376074880411099,0.04624293641166659,53046.0,33814.0,9009.0,0.5533175479039105,0.8980247165024666,0.3527104694948315,1.0447353272326783,0.09397198260125797,2.0321370114712236,54575.0,34184.0,9084.0,0.5577813435810431,0.9919972302256035,0.34937604120887544,1.009543952339773,0.09284261521008146,1.0121643211861386,80
0,61965,0.046248384769417596,0.3376219267026616,0.6161296885279208,17408.0,109022.0,259641.0,0.04509015181145437,0.9749562506077158,0.28238847258664856,0.8364044223802553,0.6725213756018971,1.0915256773435302,17675.0,112870.0,271311.0,0.043983416945373464,1.0251625485908802,0.28087175505653766,1.0054000357914437,0.6751448279980888,0.9961142375866661,81
1,16977,0.6161495755472235,0.3376074880411099,0.04624293641166659,54511.0,34816.0,8481.0,0.5573265990512024,0.9045313364960474,0.35596270243742845,1.0543685049843547,0.08671069851136921,1.8751122925985524,56435.0,35350.0,8607.0,0.5621463861662284,0.9914260996181149,0.3521196908120169,1.0109139355897685,0.08573392302175473,1.011393103863527,81
0,61965,0.046248384769417596,0.3376219267026616,0.6161296885279208,18079.0,109874.0,255378.0,0.04716289577414819,1.0197739014949412,0.2866295707886918,0.8489661011890439,0.6662075334371601,1.0812780910280222,18433.0,113312.0,266547.0,0.04628011609572876,1.0190747075178772,0.28449479276510703,1.0075037507816438,0.6692250911391643,0.9954909674757298,82
1,16977,0.6161495755472235,0.3376074880411099,0.04624293641166659,54937.0,36158.0,9351.0,0.5469306891264958,0.8876589562538414,0.3599745136690361,1.0662515685232745,0.09309479720446807,2.013167943655526,56656.0,36866.0,9447.0,0.5502238537812352,0.9940148638920174,0.35803008672513087,1.0054309037592084,0.091746059493634,1.014700769910752,82
0,61965,0.046248384769417596,0.3376219267026616,0.6161296885279208,18258.0,109646.0,259746.0,0.04709918741132465,1.0183963752712433,0.2828479298336128,0.8377652855547874,0.6700528827550626,1.087519227252264,18596.0,113338.0,270402.0,0.04622007476338185,1.0190201476835188,0.2816998727431798,1.0040754618710093,0.6720800524934383,0.9969837376799761,83
1,16977,0.6161495755472235,0.3376074880411099,0.04624293641166659,54823.0,36516.0,9639.0,0.5429202400522887,0.8811500674492921,0.361623323892333,1.0711353767375524,0.0954564360553784,2.064238205065537,56669.0,37192.0,9732.0,0.5470350313245104,0.992478011394885,0.3590203971310803,1.0072500804468285,0.09394457154440937,1.016093154570984,83
0,61965,0.046248384769417596,0.3376219267026616,0.6161296885279208,17977.0,108436.0,254184.0,0.0472336881268113,1.02130460041591,0.2849102856827563,0.843873762777476,0.6678560261904324,1.0839536523326736,18275.0,112256.0,265245.0,0.04617510915265201,1.0229253161191172,0.2836351875808538,1.0044955568199343,0.6701897032664942,0.9965178858095141,84
1,16977,0.6161495755472235,0.3376074880411099,0.04624293641166659,54218.0,35954.0,9501.0,0.5439587450964655,0.882835542998398,0.3607195529381076,1.0684583894483506,0.09532170196542694,2.0613245905677027,56128.0,36550.0,9555.0,0.5490203750256767,0.9907806155118114,0.35751665313548464,1.0089587429691258,0.09346297183883873,1.0198873424418098,84
0,61965,0.046248384769417596,0.3376219267026616,0.6161296885279208,17677.0,108296.0,258255.0,0.04600653778485691,0.9947706933816938,0.2818534828279043,0.8348198399925851,0.6721399793872388,1.0909066579686166,18010.0,111944.0,269778.0,0.045055186975273435,1.021115233859879,0.28004763191338194,1.0064483705939027,0.6748971811113446,0.9959146344046578,85
1,16977,0.6161495755472235,0.3376074880411099,0.04624293641166659,54148.0,35354.0,9132.0,0.5489790538759454,0.8909834164673055,0.35843623902508265,1.0616951688625949,0.09258470709897196,2.0021372837304043,55972.0,36020.0,9237.0,0.552924557192109,0.9928643008076908,0.3558268875519861,1.0073332048936727,0.09124855525590493,1.0146429917637578,85
0,61965,0.046248384769417596,0.3376219267026616,0.6161296885279208,16920.0,104230.0,254001.0,0.04510183899283222,0.9752089552467236,0.27783479185714555,0.822916907591225,0.6770633691500223,1.0988974914805458,17175.0,107286.0,265149.0,0.044082544082544084,1.0231224157203702,0.27536767536767537,1.008959354020678,0.6805497805497805,0.994877066308152,86
1,16977,0.6161495755472235,0.3376074880411099,0.04624293641166659,52115.0,33840.0,9216.0,0.5475932794653834,0.8887343288016503,0.35557049941683916,1.0532067919463384,0.09683622111777747,2.0940759526107158,53643.0,34350.0,9321.0,0.5512362044515692,0.9933913539118676,0.35298107158271164,1.0073358829767187,0.09578272396571921,1.0109988222138608,86
0,61965,0.046248384769417596,0.3376219267026616,0.6161296885279208,17711.0,108218.0,262884.0,0.04555146047071471,0.9849308402406362,0.27832917109253036,0.8243812059565981,0.6761193684367549,1.0973653453579937,17930.0,111940.0,274695.0,0.044319207049547046,1.0278040493772838,0.2766922497002954,1.0059160362966728,0.6789885432501576,0.9957743398737354,87
1,16977,0.6161495755472235,0.3376074880411099,0.04624293641166659,54109.0,35422.0,9258.0,0.5477229246171132,0.8889447406186425,0.35856218809786516,1.0620682324860153,0.09371488728502161,2.026577344715903,55970.0,35860.0,9264.0,0.5536431440045898,0.9893067954483196,0.35471937009120225,1.0108334033342325,0.09163748590420796,1.0226697771148505,87
0,61965,0.046248384769417596,0.3376219267026616,0.6161296885279208,17513.0,108190.0,259536.0,0.04546009100843892,0.9829552153030012,0.2808386482157829,0.8318140085229511,0.6737012607757782,1.0934406721828474,17918.0,112238.0,271002.0,0.04466569281928816,1.0177854218530717,0.27978502236026703,1.003765840811018,0.6755492848204449,0.9972644126991299,88
1,16977,0.6161495755472235,0.3376074880411099,0.04624293641166659,54095.0,35026.0,8637.0,0.5533562470590642,0.8980875245553964,0.35829292743304897,1.0612706771166764,0.08835082550788682,1.9105799147650337,56119.0,35836.0,8829.0,0.5568244959517383,0.9937713787416156,0.35557231306556597,1.0076513672958032,0.08760319098269567,1.0085343298206892,88
0,61965,0.046248384769417596,0.3376219267026616,0.6161296885279208,17168.0,104976.0,252489.0,0.04582618189000969,0.9908709702725209,0.28021023241412263,0.8299527081986574,0.6739635856958677,1.093866434688654,17553.0,108624.0,262374.0,0.04517553680211864,1.0144025978206095,0.2795617563717504,1.0023196164267545,0.675262706826131,0.9980761248664695,89
1,16977,0.6161495755472235,0.3376074880411099,0.04624293641166659,52488.0,34336.0,9054.0,0.5474457122593296,0.8884948298035008,0.3581217797617806,1.0607637343582046,0.09443250797888984,2.0420958379075933,54312.0,35106.0,9222.0,0.5506082725060827,0.9942562427688223,0.35590024330900244,1.0062420200450646,0.09349148418491485,1.0100653423376376,89
0,61965,0.046248384769417596,0.3376219267026616,0.6161296885279208,17505.0,107986.0,259428.0,0.045477100376962426,0.9833229982776568,0.28054214003465666,0.830935783035578,0.6739807595883809,1.093894308515923,17705.0,111230.0,270336.0,0.04434331569285022,1.0255683334995855,0.27858271700173565,1.007033541254854,0.6770739673054141,0.9954315069454768,90
1,16977,0.6161495755472235,0.3376074880411099,0.04624293641166659,53993.0,35010.0,9348.0,0.5489827251375177,0.8909893748607184,0.3559699443828736,1.0543899557687764,0.09504733047960875,2.055391327952724,55615.0,35410.0,9315.0,0.5542654973091489,0.9904688778260995,0.35290013952561294,1.0086987918491255,0.09283436316523819,1.0238378035774496,90
0,61965,0.046248384769417596,0.3376219267026616,0.6161296885279208,17994.0,108820.0,255726.0,0.04703821822554504,1.0170780765656,0.28446698384482666,0.8425607501948542,0.6684947979296283,1.084990401171578,18265.0,112774.0,265890.0,0.046015786198539285,1.0222191580644604,0.2841163029156348,1.001234286542494,0.669867910885826,0.9979501735582738,91
1,16977,0.6161495755472235,0.3376074880411099,0.04624293641166659,54410.0,35988.0,9930.0,0.5423211865082529,0.8801778140098513,0.35870345267522524,1.0624866609343289,0.0989753608165218,2.140334686695013,56387.0,36530.0,9975.0,0.5480212261400303,0.9895988707008203,0.35503246122147497,1.0103398755176367,0.09694631263849474,1.0209296065296802,91
0,61965,0.046248384769417596,0.3376219267026616,0.6161296885279208,17778.0,109368.0,258681.0,0.04607764619894408,0.9963082263018531,0.2834638322356911,0.8395895225292441,0.6704585215653648,1.08817759320647,17989.0,112566.0,269514.0,0.04496474358173215,1.0247505607407505,0.28136646428491086,1.0074542215118305,0.673668792133357,0.9952346455625086,92
1,16977,0.6161495755472235,0.3376074880411099,0.04624293641166659,54684.0,35556.0,9099.0,0.550478663968834,0.8934172574572256,0.35792589013378434,1.0601835054387192,0.0915954458973817,1.9807445851183698,56283.0,35978.0,9132.0,0.5550974919373133,0.9916792490768436,0.3548371189332597,1.0087047578613262,0.09006538912942708,1.0169882879843652,92
0,61965,0.046248384769417596,0.3376219267026616,0.6161296885279208,17319.0,106676.0,261699.0,0.044903472701156875,0.970919804551746,0.27658195356940996,0.8192061347158633,0.6785145737294331,1.1012528471896306,17547.0,109818.0,272559.0,0.04387583640891769,1.0234214633007046,0.274597173462958,1.007227969907417,0.6815269901281243,0.9955799015412069,93
1,16977,0.6161495755472235,0.3376074880411099,0.04624293641166659,53338.0,34638.0,8904.0,0.5505573905862923,0.8935450293823921,0.35753509496284064,1.0590259624789606,0.09190751445086705,1.987493043968544,54909.0,35094.0,8940.0,0.5549558836906098,0.9920741571833308,0.35468906340013945,1.0080240183765985,0.09035505290925078,1.0171817899678008,93
0,61965,0.046248384769417596,0.3376219267026616,0.6161296885279208,18372.0,110458.0,261738.0,0.047039183957723114,1.0170989579906031,0.2828137481821347,0.8376640431627073,0.6701470678601421,1.0876720929667933,18639.0,114078.0,273657.0,0.045866615482289715,1.0255647481965648,0.28072169971504085,1.007452393132478,0.6734116848026694,0.9951521231124999,94
1,16977,0.6161495755472235,0.3376074880411099,0.04624293641166659,55229.0,36744.0,10236.0,0.540353589214257,0.8769844379659769,0.3594986742850434,1.0648421229367633,0.10014773650069955,2.16568722213396,57039.0,37278.0,10317.0,0.5451287344457825,0.9912403347506893,0.35627042835024947,1.009061223379506,0.09860083720396812,1.0156885006314043,94
0,61965,0.046248384769417596,0.3376219267026616,0.6161296885279208,18055.0,107010.0,258078.0,0.04712339779142513,1.018919861231265,0.27929519787651086,0.8272424738648027,0.673581404332064,1.0932461409892598,18296.0,110338.0,268896.0,0.04602419943148945,1.0238830522532374,0.27755892637033686,1.0062555059168135,0.6764168741981738,0.9958081029993954,95
1,16977,0.6161495755472235,0.3376074880411099,0.04624293641166659,53505.0,36110.0,9582.0,0.5393812312872365,0.8754063180327497,0.36402310553746586,1.0782435770297232,0.09659566317529764,2.088873905311247,55169.0,36592.0,9636.0,0.5440890756136769,0.9913472912112222,0.36087852697811573,1.0087136759997384,0.09503239740820735,1.0164498193218818,95
0,61965,0.046248384769417596,0.3376219267026616,0.6161296885279208,17159.0,105338.0,253980.0,0.04557781750279566,0.9855007419185511,0.2797992971682201,0.8287355619963481,0.6746228853289843,1.0949365010162349,17362.0,109076.0,266460.0,0.04418958610122729,1.0314153519878706,0.2776191276107285,1.00785309562873,0.6781912862880443,0.9947383562260274,96
1,16977,0.6161495755472235,0.3376074880411099,0.04624293641166659,52669.0,34318.0,9096.0,0.5481614853824298,0.8896565170812443,0.35717036312354944,1.0579456196186543,0.09466815149402079,2.047191611087592,54538.0,34724.0,9075.0,0.554603048699879,0.9883852724348527,0.3531122568311012,1.011492397145504,0.0922846944690198,1.0258272191148785,96
0,61965,0.046248384769417596,0.3376219267026616,0.6161296885279208,17675.0,111194.0,262533.0,0.045158174971001684,0.9764270729918155,0.28409154782039947,0.8414487488858936,0.6707502772085988,1.0886511228036737,17999.0,114828.0,272760.0,0.04437765510235782,1.017588127782858,0.2831155830931465,1.0034472306914024,0.6725067618044958,0.997388153256357,97
1,16977,0.6161495755472235,0.3376074880411099,0.04624293641166659,55597.0,35350.0,9153.0,0.5554145854145854,0.9014281717573249,0.3531468531468531,1.0460279041673715,0.09143856143856144,1.9773519705702012,57414.0,35998.0,9198.0,0.5595361075918527,0.9926340371580208,0.3508235064808498,1.0066225512916995,0.08964038592729753,1.020059881410175,97
0,61965,0.046248384769417596,0.3376219267026616,0.6161296885279208,17671.0,108714.0,258687.0,0.045890119250425895,0.9922534479684443,0.28232122823783606,0.8362052518184697,0.671788652511738,1.09033644218119,17980.0,112090.0,269022.0,0.04505226864983512,1.0185973009950486,0.28086255800667514,1.005193537513556,0.6740851733434897,0.9965931295887123,98
1,16977,0.6161495755472235,0.3376074880411099,0.04624293641166659,54357.0,35342.0,9906.0,0.5457256161839266,0.8857031439147693,0.3548215451031575,1.0509883745823536,0.09945283871291602,2.1506601100665645,56045.0,35960.0,9984.0,0.5495200462795007,0.9930950105983137,0.35258704370079125,1.0063374461492194,0.09789291001970801,1.015935052833693,98
0,61965,0.046248384769417596,0.3376219267026616,0.6161296885279208,18221.0,109990.0,256404.0,0.047374647374647375,1.0243524743803494,0.285974285974286,0.8470252177256813,0.6666510666510667,1.081997960922567,18487.0,112844.0,265404.0,0.04659785499136703,1.0166701317780455,0.2844316735352313,1.005423490358445,0.6689704714734016,0.996532874138336,99
1,16977,0.6161495755472235,0.3376074880411099,0.04624293641166659,54995.0,36442.0,9645.0,0.5440632357887656,0.8830051295670608,0.360519182445935,1.067864888121306,0.09541758176529946,2.0633979839832715,56422.0,36974.0,9783.0,0.5468360809854719,0.9949292936345582,0.3583481134727028,1.0060585472383061,0.09481580554182537,1.0063467922888514,99
