node_1,node_2,node_3
52,7229,10562
52,7229,10818
52,10562,10818
52,10800,10813
645,660,11204
645,1482,6151
645,1482,8764
645,1569,10571
645,1569,10630
645,2267,10804
645,2267,10823
645,3255,4898
645,3255,10630
645,3658,10804
645,4851,11203
645,4851,14104
645,4898,10630
645,6151,8764
645,6151,12107
645,6249,6754
645,6249,11202
645,6754,11202
645,6754,14103
645,7722,9369
645,7722,10513
645,9369,10513
645,10147,10823
645,10147,11201
645,10571,10630
645,10804,10823
645,10823,11201
645,11203,14104
660,1252,7722
660,1252,10823
660,1252,14106
660,1252,14226
660,1252,14503
660,1366,5967
660,1366,10823
660,1366,11200
660,1482,2267
660,1482,14077
660,2267,4898
660,2267,10513
660,2267,14077
660,2822,10808
660,2822,14502
660,3658,9174
660,3658,14502
660,4154,4728
660,4154,6256
660,4728,4898
660,4728,6256
660,4728,14103
660,4898,7229
660,4898,10147
660,4898,10513
660,4898,10808
660,4898,10823
660,5767,10823
660,5767,11044
660,5767,14107
660,5767,14511
660,5967,11200
660,6249,10804
660,6256,10816
660,6256,13100
660,7229,10823
660,7638,12103
660,7722,7847
660,7722,10513
660,7722,10562
660,7722,11200
660,7722,14056
660,7722,14508
660,7847,10513
660,8301,10777
660,9174,10513
660,9174,14502
660,9369,11205
660,9369,12103
660,9369,14903
660,10147,10818
660,10147,12032
660,10513,12101
660,10513,14703
660,10535,10562
660,10535,14628
660,10562,11200
660,10562,14000
660,10562,14056
660,10562,14508
660,10562,14628
660,10571,10823
660,10571,11200
660,10736,10823
660,10736,12103
660,10777,12105
660,10777,14307
660,10777,14309
660,10791,14300
660,10808,14502
660,10816,13100
660,10816,14510
660,10818,10823
660,10818,12032
660,10818,13039
660,10823,11200
660,10823,12101
660,10823,12105
660,10823,13101
660,10823,14056
660,10823,14103
660,10823,14105
660,10823,14107
660,10823,14203
660,10823,14268
660,10823,14303
660,10823,14309
660,10823,14503
660,10823,14509
660,10823,14700
660,10823,14905
660,10823,14908
660,10823,14910
660,10823,14912
660,11044,12039
660,11044,14056
660,11044,14242
660,11044,14503
660,11044,14511
660,11200,14509
660,11202,14511
660,11204,14506
660,11204,14508
660,11205,12103
660,12032,13039
660,12032,14300
660,12039,14303
660,12039,14512
660,12101,14103
660,12101,14700
660,12103,14275
660,12104,13101
660,12104,14108
660,12105,14307
660,12105,14700
660,13039,14511
660,13050,13102
660,13050,14501
660,13050,14506
660,13101,14108
660,13101,14300
660,13101,14309
660,13101,14700
660,13102,14501
660,14009,14106
660,14009,14302
660,14103,14502
660,14103,14510
660,14103,14512
660,14103,14905
660,14103,14912
660,14105,14303
660,14106,14226
660,14106,14302
660,14106,14707
660,14106,14902
660,14203,14268
660,14203,14500
660,14226,14456
660,14226,14506
660,14226,14511
660,14226,14905
660,14303,14512
660,14304,14709
660,14307,14509
660,14500,14508
660,14500,14702
660,14501,14510
660,14501,14706
660,14501,14904
660,14502,14912
660,14506,14508
660,14506,14905
660,14511,14710
660,14511,14908
660,14700,14908
660,14700,14912
660,14707,14902
688,1482,4851
688,4154,6611
688,4154,7229
688,4154,7722
688,4898,10514
688,7229,7722
688,10450,10557
688,10450,14103
688,10514,10804
688,10557,14103
688,10777,10816
688,10777,10818
688,10816,10818
1252,1569,10818
1252,1721,6754
1252,1721,6831
1252,1721,7722
1252,1721,7847
1252,1721,10450
1252,1721,14104
1252,3255,4660
1252,3255,6151
1252,4148,4660
1252,4148,4728
1252,4148,6151
1252,4148,8301
1252,4154,13000
1252,4660,6151
1252,4660,8301
1252,4660,10593
1252,4728,11043
1252,4728,12039
1252,4812,6249
1252,4812,6754
1252,4812,10605
1252,4812,12039
1252,4812,12101
1252,4812,14106
1252,4812,14203
1252,4812,14302
1252,4812,14502
1252,4812,14508
1252,4812,14705
1252,4812,14922
1252,5967,6442
1252,6151,8301
1252,6151,10593
1252,6249,6754
1252,6249,10450
1252,6249,10804
1252,6256,7722
1252,6256,10450
1252,6256,11204
1252,6256,13000
1252,6256,14102
1252,6256,14305
1252,6442,12039
1252,6754,7722
1252,6831,10450
1252,7722,10562
1252,7722,10605
1252,7722,12039
1252,7722,14907
1252,7847,12002
1252,7847,14104
1252,7847,14309
1252,8764,12100
1252,8764,13000
1252,9174,13101
1252,9369,10569
1252,9369,14009
1252,9369,14708
1252,10450,10804
1252,10450,13000
1252,10562,14056
1252,10562,14907
1252,10569,12039
1252,10569,13050
1252,10569,14009
1252,10569,14268
1252,10569,14300
1252,10569,14703
1252,10569,14705
1252,10569,14708
1252,10569,14915
1252,10605,10791
1252,10605,12039
1252,10605,13050
1252,10605,14073
1252,10605,14102
1252,10605,14304
1252,10605,14502
1252,10605,14508
1252,10605,14922
1252,10777,10800
1252,10791,14073
1252,10808,14213
1252,10808,14305
1252,10823,11048
1252,10823,14105
1252,10823,14503
1252,11043,12039
1252,11043,14226
1252,11043,14707
1252,11048,14105
1252,11203,14077
1252,11203,14103
1252,11204,14102
1252,11204,14509
1252,11204,14512
1252,11204,14704
1252,12002,14309
1252,12039,12103
1252,12039,14203
1252,12039,14213
1252,12039,14268
1252,12039,14300
1252,12039,14302
1252,12039,14703
1252,12039,14711
1252,12100,13000
1252,12103,14300
1252,12103,14307
1252,12103,14713
1252,13000,14104
1252,13050,14268
1252,13050,14304
1252,13050,14900
1252,13050,14910
1252,13050,14915
1252,13101,14300
1252,13101,14502
1252,14002,14500
1252,14009,14106
1252,14009,14700
1252,14056,14901
1252,14073,14106
1252,14073,14706
1252,14077,14103
1252,14102,14502
1252,14106,14226
1252,14106,14302
1252,14106,14700
1252,14106,14706
1252,14203,14302
1252,14203,14305
1252,14226,14707
1252,14230,14512
1252,14230,14704
1252,14242,14268
1252,14242,14900
1252,14268,14705
1252,14268,14711
1252,14268,14900
1252,14300,14307
1252,14300,14502
1252,14509,14704
1252,14512,14704
1366,2087,5913
1366,2987,3388
1366,3658,7722
1366,3824,4851
1366,3824,8301
1366,4728,7638
1366,4728,9141
1366,4728,14513
1366,4728,14516
1366,4812,12039
1366,4851,8301
1366,5967,11200
1366,7638,9141
1366,7722,9141
1366,7722,10557
1366,7722,13050
1366,7722,14106
1366,7722,14203
1366,7722,14302
1366,7722,14509
1366,7847,14104
1366,10513,10818
1366,10513,14628
1366,10513,14915
1366,10557,13050
1366,10791,14108
1366,10791,14709
1366,10804,14105
1366,10804,14309
1366,10808,10818
1366,10808,13101
1366,10808,14709
1366,10813,13101
1366,10818,13101
1366,11200,14303
1366,11200,14509
1366,12104,14302
1366,13039,14508
1366,14106,14302
1366,14106,14506
1366,14108,14709
1366,14203,14509
1366,14275,14922
1366,14302,14506
1366,14302,14712
1366,14302,14922
1366,14508,14709
1366,14508,14902
1366,14513,14516
1366,14628,14915
1366,14709,14902
1366,14712,14922
1482,2267,14077
1482,3658,4812
1482,3658,7722
1482,3658,9369
1482,3658,10823
1482,3658,11043
1482,3658,13050
1482,3658,14103
1482,3658,14502
1482,3658,14510
1482,3658,14704
1482,4154,5913
1482,4812,5767
1482,4812,5913
1482,4812,6754
1482,4812,10593
1482,4812,10817
1482,4812,14077
1482,4812,14302
1482,4812,14704
1482,4898,10147
1482,4898,14309
1482,5767,12107
1482,5767,14302
1482,5767,14703
1482,5913,6754
1482,5913,10817
1482,5913,11204
1482,5913,12109
1482,6151,8764
1482,6442,11205
1482,6442,12104
1482,7722,10147
1482,7722,11043
1482,8301,14310
1482,9369,13050
1482,10147,14077
1482,10147,14309
1482,10562,11043
1482,10802,13101
1482,10802,14108
1482,10804,11029
1482,10804,14303
1482,10817,11204
1482,10817,12109
1482,10817,14102
1482,11029,14303
1482,11029,14511
1482,11043,13102
1482,11043,14302
1482,11204,12109
1482,11204,14302
1482,11205,12032
1482,11205,12104
1482,11205,14702
1482,12032,14702
1482,12103,14077
1482,12103,14504
1482,12105,12109
1482,12105,13000
1482,12107,13101
1482,12107,14703
1482,12107,14704
1482,12107,14708
1482,13050,14703
1482,13050,14900
1482,13101,14108
1482,13102,14302
1482,13102,14510
1482,14077,14106
1482,14077,14302
1482,14077,14504
1482,14103,14502
1482,14103,14515
1482,14106,14302
1482,14213,14304
1482,14502,14515
1482,14703,14900
1482,14704,14708
1569,1721,6611
1569,1721,13000
1569,3824,8301
1569,3824,8764
1569,4148,8301
1569,4148,14102
1569,4148,14104
1569,4728,6249
1569,4898,10147
1569,4898,10630
1569,4898,10800
1569,4898,11201
1569,6256,14101
1569,6611,13000
1569,7847,13102
1569,7847,14101
1569,8301,8764
1569,8301,10557
1569,8301,14102
1569,8301,14103
1569,10147,10630
1569,10147,10818
1569,10147,14073
1569,10557,14103
1569,10571,10630
1569,10800,11201
1569,10818,14073
1721,3255,14103
1721,4728,10816
1721,4728,14307
1721,4812,14710
1721,4851,5913
1721,4851,7722
1721,4851,10804
1721,4851,10823
1721,4851,11029
1721,4851,11203
1721,4851,14107
1721,4898,9369
1721,4898,14108
1721,5913,7722
1721,5913,10715
1721,5913,11029
1721,5913,14073
1721,5913,14101
1721,5913,14102
1721,6249,10571
1721,6256,11203
1721,6256,12032
1721,6611,13000
1721,6754,7722
1721,6831,10450
1721,7722,11203
1721,7722,11205
1721,7847,14104
1721,7847,14300
1721,8301,12107
1721,9369,14108
1721,10147,10777
1721,10147,10810
1721,10147,12032
1721,10147,13101
1721,10147,14512
1721,10147,14702
1721,10557,13102
1721,10605,14310
1721,10736,10808
1721,10736,14516
1721,10800,13000
1721,10808,14516
1721,10816,13101
1721,10816,14106
1721,10816,14307
1721,10823,14107
1721,11029,11203
1721,11029,12107
1721,11029,13100
1721,11029,14105
1721,11203,12032
1721,11203,12107
1721,12032,14512
1721,12039,14107
1721,12103,14511
1721,12103,14513
1721,13101,14106
1721,14073,14102
1721,14101,14102
1721,14104,14300
1721,14511,14513
2087,4154,10817
2087,4154,12002
2087,4812,5913
2087,4851,5913
2087,4851,10804
2087,5913,7229
2087,5913,10777
2087,5913,10800
2087,5913,10804
2087,5913,10810
2087,5913,11200
2087,5913,11203
2087,5913,11204
2087,5913,12109
2087,7229,10823
2087,7229,11200
2087,7229,11204
2087,7847,10810
2087,7847,12032
2087,10810,11203
2087,10810,12032
2087,10817,12002
2087,10823,11204
2267,4660,10450
2267,4660,10513
2267,4660,10514
2267,4660,10804
2267,4728,10813
2267,4812,12101
2267,4898,8764
2267,4898,10513
2267,6256,10450
2267,6256,10513
2267,6256,13000
2267,9174,10513
2267,9174,12100
2267,10450,10513
2267,10450,10804
2267,10450,10817
2267,10450,12101
2267,10450,13000
2267,10513,10514
2267,10513,10817
2267,10513,12100
2267,10513,12101
2267,10513,14310
2267,10804,10823
2267,10804,11044
2267,10804,11202
2267,10823,11202
2267,10823,12101
2267,10823,14506
2267,11029,14105
2267,11044,11202
2267,12101,14100
2267,12101,14506
2267,14102,14512
2267,14102,14516
2267,14512,14516
2822,4148,8301
2822,4148,13000
2822,4660,6151
2822,4660,8301
2822,4660,9369
2822,5767,8883
2822,5767,14107
2822,6151,9369
2822,7638,10514
2822,7638,14103
2822,7722,13101
2822,7722,14309
2822,7847,10777
2822,8301,13000
2822,8883,9174
2822,8883,14107
2822,9369,10804
2822,9369,10823
2822,9369,11048
2822,9369,12109
2822,9369,14103
2822,10450,10823
2822,10450,14106
2822,10450,14510
2822,10513,10593
2822,10513,10804
2822,10514,14103
2822,10593,10804
2822,10804,14103
2822,10808,14502
2822,10823,11048
2822,10823,14510
2822,13101,14309
2987,4660,6151
2987,4851,10817
2987,4898,11205
2987,5967,8301
2987,5967,14105
2987,6442,7847
2987,6442,10571
2987,6831,10593
2987,8301,14105
2987,10800,14106
3255,4148,8301
3255,4660,6151
3255,4812,12105
3255,4812,12109
3255,4812,14100
3255,4898,10630
3255,6151,10808
3255,10571,13100
3255,10571,14107
3255,12105,12109
3255,13100,14107
3388,4851,8301
3388,5767,6151
3388,5767,14107
3388,5967,10571
3388,5967,11200
3388,6151,12101
3388,6151,14100
3388,6151,14107
3388,6442,6831
3388,10571,11200
3388,12101,14100
3658,4728,10777
3658,4728,10813
3658,4728,12032
3658,4812,14704
3658,4851,10818
3658,4851,14303
3658,4851,14308
3658,6611,10804
3658,6611,14103
3658,6754,11203
3658,6754,12109
3658,7722,11043
3658,9174,14502
3658,9369,10450
3658,9369,10823
3658,9369,11029
3658,9369,12039
3658,9369,13050
3658,9369,13101
3658,9369,14103
3658,9369,14105
3658,9369,14502
3658,9369,14504
3658,9369,14506
3658,9369,14510
3658,9369,14707
3658,9369,14710
3658,9369,14900
3658,9369,14908
3658,10450,10823
3658,10513,10514
3658,10535,10818
3658,10535,14508
3658,10569,14107
3658,10569,14512
3658,10777,10813
3658,10791,14305
3658,10791,14504
3658,10804,14103
3658,10817,14510
3658,10823,14100
3658,11029,11048
3658,11029,11202
3658,11029,13100
3658,11029,14056
3658,11029,14100
3658,11029,14105
3658,11029,14303
3658,11048,11202
3658,11202,14502
3658,11204,12109
3658,11204,14268
3658,12039,14502
3658,12100,12103
3658,12100,14300
3658,12101,14510
3658,12101,14700
3658,12103,14300
3658,12103,14502
3658,12103,14504
3658,12103,14511
3658,12107,12109
3658,12107,14268
3658,12107,14501
3658,12107,14510
3658,12107,14904
3658,12109,14268
3658,12109,14510
3658,13101,14103
3658,14056,14105
3658,14056,14268
3658,14056,14707
3658,14056,14901
3658,14056,14908
3658,14100,14303
3658,14103,14502
3658,14103,14510
3658,14105,14707
3658,14107,14512
3658,14226,14704
3658,14242,14904
3658,14268,14302
3658,14268,14510
3658,14268,14908
3658,14303,14502
3658,14303,14503
3658,14303,14509
3658,14305,14501
3658,14305,14504
3658,14456,14712
3658,14501,14904
3658,14502,14503
3658,14502,14504
3658,14502,14509
3658,14502,14510
3658,14502,14511
3658,14504,14510
3658,14504,14511
3658,14504,14710
3658,14510,14511
3658,14510,14700
3658,14510,14707
3658,14900,14908
3824,4148,4660
3824,4148,14105
3824,4660,14105
3824,4728,5913
3824,4728,13102
3824,4851,8301
3824,4898,7722
3824,4898,13050
3824,5913,10535
3824,5913,12032
3824,5913,13102
3824,7722,13050
3824,7847,12002
3824,8301,8764
3824,8301,10535
3824,8301,10557
3824,8301,10804
3824,8301,10823
3824,8301,11044
3824,10450,11029
3824,10513,12109
3824,10513,14506
3824,10535,12032
3824,10557,11044
3824,10804,10823
3824,10818,12103
3824,11043,12101
3824,11043,14303
3824,12032,13100
3824,12101,13050
3824,12101,14303
3824,12109,14506
4148,4154,5913
4148,4154,6611
4148,4154,6754
4148,4154,10593
4148,4660,6151
4148,4660,10513
4148,4660,14105
4148,4728,6256
4148,4728,10777
4148,4728,10808
4148,4728,10813
4148,4728,10816
4148,4728,10818
4148,4728,13000
4148,4851,12105
4148,4898,10147
4148,4898,13100
4148,5913,6754
4148,5913,10777
4148,6151,8301
4148,6249,6754
4148,6256,10777
4148,6256,13000
4148,6442,6754
4148,6442,13100
4148,6611,10593
4148,6754,7638
4148,6754,8301
4148,6754,10450
4148,6754,13100
4148,6831,10736
4148,6831,11201
4148,7722,10800
4148,8301,10450
4148,8301,10535
4148,8301,10777
4148,8301,10808
4148,8301,13000
4148,8301,14102
4148,10147,13100
4148,10535,10777
4148,10557,10808
4148,10557,10813
4148,10562,10808
4148,10562,12105
4148,10630,12104
4148,10736,10813
4148,10736,10816
4148,10736,11201
4148,10777,10813
4148,10777,12102
4148,10777,12103
4148,10808,10813
4148,10808,10818
4148,10808,12105
4148,10808,14104
4148,10813,10816
4148,10813,12103
4148,10816,11205
4154,4728,4898
4154,4728,6256
4154,4728,10147
4154,4728,10777
4154,4728,12105
4154,4812,10808
4154,4898,10147
4154,5913,6754
4154,5913,12105
4154,5913,12109
4154,6256,8301
4154,6256,13000
4154,6442,6754
4154,6442,10571
4154,6442,10808
4154,6442,11205
4154,6611,7722
4154,6611,10593
4154,6611,12105
4154,6754,10571
4154,6754,10808
4154,6754,10818
4154,6754,11205
4154,7229,7722
4154,7229,10808
4154,7229,10818
4154,7229,12105
4154,7722,10818
4154,7722,11203
4154,7722,12103
4154,7722,12105
4154,7847,10813
4154,7847,10818
4154,7847,13100
4154,8301,10557
4154,8301,13000
4154,9141,12104
4154,9369,10513
4154,9369,10562
4154,9369,11202
4154,10147,13100
4154,10562,11202
4154,10571,11205
4154,10630,13101
4154,10736,12032
4154,10736,12105
4154,10777,12105
4154,10800,12105
4154,10808,10818
4154,10813,13100
4154,10817,12002
4154,10818,11205
4154,12105,12109
4154,13100,14077
4154,13100,14303
4154,14077,14303
4154,14107,14108
4154,14107,14304
4154,14108,14304
4660,4898,6249
4660,4898,10823
4660,6151,9369
4660,6151,10593
4660,6151,10630
4660,6151,11202
4660,6249,10823
4660,9369,11202
4660,10450,10804
4660,10513,10514
4660,10514,13000
4660,10804,14103
4660,11048,14105
4728,4812,6611
4728,4812,7229
4728,4812,7847
4728,4812,9369
4728,4812,10571
4728,4812,10605
4728,4812,10818
4728,4812,10823
4728,4812,14307
4728,4812,14508
4728,4851,10808
4728,4851,11200
4728,4851,11203
4728,4851,11204
4728,4851,14107
4728,4898,6754
4728,4898,6831
4728,4898,7229
4728,4898,7638
4728,4898,10147
4728,4898,10535
4728,4898,10813
4728,4898,10816
4728,4898,11201
4728,4898,11205
4728,4898,12103
4728,4898,12105
4728,4898,13102
4728,5913,7847
4728,5913,13102
4728,5913,14108
4728,5967,8301
4728,5967,10571
4728,5967,14304
4728,6249,6256
4728,6249,10808
4728,6249,10813
4728,6249,10816
4728,6249,12101
4728,6249,14102
4728,6256,7229
4728,6256,9174
4728,6256,9369
4728,6256,10777
4728,6256,10810
4728,6256,10813
4728,6256,13000
4728,6256,13102
4728,6256,14077
4728,6256,14102
4728,6256,14308
4728,6256,14513
4728,6442,10813
4728,6442,10816
4728,6442,12102
4728,6442,14104
4728,6442,14307
4728,6611,14307
4728,6754,7229
4728,6754,10557
4728,6754,10808
4728,6754,11205
4728,6754,12101
4728,6754,12104
4728,6754,13100
4728,6754,14073
4728,6754,14101
4728,6754,14303
4728,6831,10450
4728,6831,10736
4728,6831,12105
4728,7229,7847
4728,7229,8301
4728,7229,10557
4728,7638,9141
4728,7638,10813
4728,7638,10816
4728,7638,11205
4728,7638,12105
4728,7722,10147
4728,7722,10800
4728,7722,12105
4728,7847,10535
4728,7847,12106
4728,7847,14108
4728,8301,10557
4728,8301,10571
4728,8301,10808
4728,8301,14104
4728,9174,10800
4728,9174,14102
4728,9369,10571
4728,9369,12101
4728,9369,13000
4728,9369,14308
4728,10147,10813
4728,10147,12105
4728,10450,10736
4728,10450,11203
4728,10450,12002
4728,10513,11205
4728,10513,12002
4728,10513,14106
4728,10535,10605
4728,10535,12109
4728,10535,13102
4728,10557,10808
4728,10557,10813
4728,10557,12032
4728,10557,14102
4728,10557,14104
4728,10562,14307
4728,10571,10777
4728,10571,13100
4728,10571,14102
4728,10571,14103
4728,10571,14104
4728,10605,10816
4728,10605,12109
4728,10605,14508
4728,10736,10800
4728,10736,12105
4728,10736,14102
4728,10777,10813
4728,10777,12103
4728,10777,12105
4728,10777,14102
4728,10777,14309
4728,10800,11043
4728,10800,12104
4728,10800,13000
4728,10800,14102
4728,10808,10813
4728,10808,10818
4728,10808,11200
4728,10808,14304
4728,10808,14305
4728,10808,14307
4728,10808,14310
4728,10810,12105
4728,10810,13000
4728,10810,14073
4728,10810,14304
4728,10813,10816
4728,10813,12032
4728,10813,12101
4728,10813,12103
4728,10813,13000
4728,10813,13101
4728,10813,14077
4728,10813,14102
4728,10813,14300
4728,10813,14307
4728,10813,14309
4728,10816,12103
4728,10816,14104
4728,10816,14307
4728,10818,13000
4728,10818,14513
4728,10823,14103
4728,10823,14104
4728,11043,12039
4728,11043,12104
4728,11043,13000
4728,11201,12101
4728,11201,12103
4728,11201,14073
4728,11203,11204
4728,11203,12002
4728,11205,12002
4728,11205,13102
4728,12101,12104
4728,12101,13000
4728,12101,14073
4728,12103,13102
4728,12105,12109
4728,13000,13102
4728,13000,14307
4728,13100,14103
4728,13100,14303
4728,14073,14101
4728,14073,14304
4728,14101,14309
4728,14103,14104
4728,14304,14305
4728,14307,14310
4728,14513,14516
4812,4851,10605
4812,4851,10823
4812,4898,10147
4812,4898,12104
4812,5767,14302
4812,5913,6754
4812,5913,12109
4812,5913,14513
4812,5913,14516
4812,5967,6442
4812,5967,12103
4812,6249,6754
4812,6256,10605
4812,6256,14106
4812,6442,12101
4812,6442,12103
4812,6442,14508
4812,6611,7722
4812,6611,10813
4812,6611,14307
4812,7229,7847
4812,7229,11204
4812,7229,14101
4812,7638,14423
4812,7722,10605
4812,7722,10813
4812,7722,13039
4812,7722,13101
4812,7847,10605
4812,8301,10557
4812,9369,10571
4812,9369,10605
4812,9369,10810
4812,9369,11200
4812,9369,11203
4812,9369,14106
4812,9369,14508
4812,10147,10557
4812,10147,10605
4812,10147,10808
4812,10147,12104
4812,10147,13000
4812,10513,10605
4812,10535,10818
4812,10535,12039
4812,10535,12104
4812,10535,14279
4812,10535,14705
4812,10569,10605
4812,10569,12032
4812,10569,12039
4812,10569,14905
4812,10571,14103
4812,10605,10808
4812,10605,10810
4812,10605,11043
4812,10605,11204
4812,10605,12032
4812,10605,12039
4812,10605,12103
4812,10605,12105
4812,10605,12109
4812,10605,13000
4812,10605,13039
4812,10605,13050
4812,10605,14009
4812,10605,14106
4812,10605,14308
4812,10605,14502
4812,10605,14503
4812,10605,14508
4812,10605,14513
4812,10605,14708
4812,10605,14709
4812,10605,14907
4812,10605,14915
4812,10605,14916
4812,10605,14922
4812,10736,12039
4812,10808,10818
4812,10808,14009
4812,10808,14275
4812,10808,14503
4812,10808,14915
4812,10810,14308
4812,10818,11205
4812,10818,14500
4812,11043,11204
4812,11043,12103
4812,11043,14279
4812,11043,14302
4812,11043,14702
4812,11043,14709
4812,11044,12109
4812,11044,14500
4812,11204,12039
4812,11204,13050
4812,11204,14101
4812,11204,14302
4812,11204,14423
4812,12032,14503
4812,12032,14905
4812,12039,13039
4812,12039,14203
4812,12039,14310
4812,12039,14502
4812,12039,14509
4812,12039,14705
4812,12039,14900
4812,12101,14508
4812,12103,14915
4812,12105,12109
4812,12109,14907
4812,13039,14900
4812,13050,14508
4812,14009,14303
4812,14009,14307
4812,14009,14503
4812,14106,14302
4812,14203,14268
4812,14203,14701
4812,14268,14701
4812,14279,14702
4812,14300,14304
4812,14300,14904
4812,14302,14423
4812,14302,14700
4812,14303,14307
4812,14303,14503
4812,14303,14906
4812,14303,14908
4812,14304,14904
4812,14310,14509
4812,14310,14512
4812,14501,14704
4812,14501,14708
4812,14503,14702
4812,14503,14905
4812,14503,14908
4812,14503,14915
4812,14513,14516
4812,14702,14905
4812,14704,14708
4851,4898,14501
4851,4898,14709
4851,5767,5913
4851,5913,5967
4851,5913,7722
4851,5913,7847
4851,5913,9141
4851,5913,10804
4851,5913,10823
4851,5913,11029
4851,5913,11203
4851,5913,12103
4851,5913,12104
4851,5913,12105
4851,5913,12107
4851,5913,12109
4851,6151,14102
4851,6442,6754
4851,6442,10804
4851,6442,11202
4851,6442,12109
4851,6442,14104
4851,6611,7722
4851,6611,14103
4851,6754,8301
4851,6831,10816
4851,7722,7847
4851,7722,12109
4851,7722,14103
4851,8301,9369
4851,8301,10804
4851,8301,14104
4851,9174,10147
4851,9174,14108
4851,9369,14073
4851,9369,14712
4851,10147,14108
4851,10450,12101
4851,10535,11203
4851,10535,13039
4851,10571,14073
4851,10593,13101
4851,10791,14107
4851,10791,14705
4851,10804,10817
4851,10804,12109
4851,10804,13000
4851,10804,14104
4851,10808,11200
4851,10823,12103
4851,10823,14107
4851,11029,14056
4851,11029,14073
4851,11029,14107
4851,11029,14904
4851,11043,14279
4851,11043,14508
4851,11202,12109
4851,11203,11204
4851,11203,12002
4851,11203,12107
4851,11203,13039
4851,11203,14104
4851,11203,14107
4851,11203,14300
4851,12103,12104
4851,12105,12109
4851,12109,13000
4851,12109,14904
4851,12109,14907
4851,13000,14100
4851,13000,14108
4851,14056,14904
4851,14073,14904
4851,14100,14108
4851,14103,14107
4851,14107,14300
4851,14107,14502
4851,14107,14705
4851,14107,14709
4851,14279,14300
4851,14279,14508
4851,14300,14709
4851,14501,14709
4851,14510,14904
4851,14904,14907
4851,14904,14916
4898,5767,10147
4898,6249,10823
4898,6256,12032
4898,6256,14305
4898,6256,14307
4898,6442,10147
4898,6442,10736
4898,6754,7229
4898,6754,10571
4898,6754,11205
4898,6831,7847
4898,6831,10562
4898,6831,12105
4898,7229,10823
4898,7638,7847
4898,7638,10147
4898,7638,11205
4898,7722,10147
4898,7722,10562
4898,7722,10808
4898,7722,10818
4898,7722,11043
4898,7722,13050
4898,7722,14010
4898,7847,10147
4898,7847,10808
4898,7847,10818
4898,7847,11205
4898,7847,12032
4898,7847,13102
4898,8301,10514
4898,8301,13100
4898,8301,13102
4898,8883,12101
4898,8883,14106
4898,9369,14108
4898,10147,10535
4898,10147,10557
4898,10147,10562
4898,10147,10630
4898,10147,10736
4898,10147,10800
4898,10147,10808
4898,10147,10813
4898,10147,10818
4898,10147,11043
4898,10147,12032
4898,10147,12039
4898,10147,12103
4898,10147,12104
4898,10147,13050
4898,10147,13100
4898,10147,13102
4898,10147,14010
4898,10147,14073
4898,10147,14309
4898,10147,14502
4898,10147,14508
4898,10513,10562
4898,10513,14010
4898,10514,10557
4898,10514,10630
4898,10514,14103
4898,10535,10630
4898,10535,10736
4898,10535,10800
4898,10535,10808
4898,10535,10818
4898,10535,11201
4898,10535,11205
4898,10535,12002
4898,10535,14073
4898,10535,14501
4898,10535,14703
4898,10557,10630
4898,10557,10808
4898,10557,10816
4898,10557,10818
4898,10557,14516
4898,10562,10808
4898,10562,10818
4898,10571,11205
4898,10571,12105
4898,10630,10816
4898,10630,11201
4898,10777,12103
4898,10777,13100
4898,10800,11201
4898,10800,11205
4898,10808,10818
4898,10808,11201
4898,10808,13100
4898,10808,14073
4898,10808,14502
4898,10813,10818
4898,10813,12104
4898,10816,11201
4898,10816,12103
4898,10818,12104
4898,10823,11201
4898,10823,14100
4898,11043,12103
4898,11201,12103
4898,11201,12105
4898,11201,13050
4898,11201,13100
4898,11205,12105
4898,11205,13102
4898,11205,14101
4898,11205,14305
4898,12032,13102
4898,12101,14106
4898,12103,13100
4898,12104,14106
4898,12109,14504
4898,13039,14508
4898,13050,14268
4898,13050,14508
4898,13100,13102
4898,14101,14305
4898,14103,14508
4898,14103,14510
4898,14103,14703
4898,14104,14305
4898,14268,14508
4898,14305,14307
4898,14310,14501
4898,14310,14508
4898,14501,14508
4898,14501,14709
4898,14508,14703
5767,5913,10736
5767,5913,10817
5767,5913,13102
5767,6151,14107
5767,6831,10605
5767,6831,10736
5767,7638,14009
5767,7638,14242
5767,7638,14910
5767,8883,14009
5767,8883,14107
5767,9174,10605
5767,9369,14502
5767,9369,14504
5767,10535,11204
5767,10535,14010
5767,10605,10736
5767,10605,14703
5767,10791,11204
5767,10791,14107
5767,10791,14705
5767,10823,14107
5767,11044,14511
5767,11204,13101
5767,11204,14010
5767,11204,14502
5767,12103,14508
5767,12105,14711
5767,12107,14703
5767,12109,14902
5767,13101,14502
5767,14002,14703
5767,14009,14107
5767,14009,14910
5767,14101,14702
5767,14107,14705
5767,14500,14508
5767,14502,14504
5913,6754,10777
5913,6754,10808
5913,6754,10813
5913,6754,10817
5913,6754,11205
5913,6754,12032
5913,7229,10818
5913,7229,11200
5913,7229,11204
5913,7722,7847
5913,7847,14108
5913,10513,10817
5913,10513,12109
5913,10535,12032
5913,10715,14102
5913,10736,10808
5913,10736,11204
5913,10777,10808
5913,10777,13102
5913,10808,11204
5913,10808,11205
5913,10808,12107
5913,10810,11203
5913,10810,12109
5913,10810,14102
5913,10817,11204
5913,10817,12032
5913,10817,12109
5913,10817,14510
5913,10818,11204
5913,10823,12103
5913,11029,11203
5913,11029,12107
5913,11043,13102
5913,11203,12039
5913,11203,12107
5913,11204,12032
5913,11205,12107
5913,12039,12107
5913,12101,14700
5913,12103,12104
5913,12105,12109
5913,14073,14102
5913,14101,14102
5913,14103,14506
5913,14103,14510
5913,14506,14510
5913,14513,14516
5967,6256,6611
5967,6442,6754
5967,6442,10804
5967,6442,12103
5967,6442,14073
5967,6442,14103
5967,6442,14106
5967,6442,14302
5967,6831,13102
5967,6831,14107
5967,8301,10571
5967,8301,14105
5967,10571,11200
5967,13102,14107
5967,14106,14302
6151,8301,11200
6151,9369,11202
6151,10571,11200
6151,10571,14300
6151,10808,14103
6151,10823,11029
6151,10823,11202
6151,11029,11202
6151,11200,14300
6151,12101,14100
6249,6256,7722
6249,6256,10562
6249,6256,14102
6249,6754,7847
6249,6754,8301
6249,6754,10736
6249,6754,11202
6249,6754,11203
6249,7722,10562
6249,10450,10804
6249,10514,11202
6249,10514,14104
6249,10777,10800
6249,10813,10816
6249,10813,12101
6249,11202,14104
6249,12002,13101
6249,12107,14077
6249,12107,14103
6249,14077,14103
6256,6442,6754
6256,6442,10823
6256,6442,14307
6256,6754,14307
6256,7229,10816
6256,7229,10818
6256,7229,13000
6256,7638,13000
6256,7722,10562
6256,8301,10557
6256,8301,13000
6256,9174,10513
6256,9174,14102
6256,9369,14308
6256,10450,10513
6256,10450,12105
6256,10450,13000
6256,10513,10823
6256,10513,12039
6256,10513,12100
6256,10513,12101
6256,10513,12105
6256,10513,13000
6256,10513,14102
6256,10513,14512
6256,10557,10816
6256,10557,11205
6256,10557,12102
6256,10557,13000
6256,10557,14104
6256,10562,10818
6256,10605,14106
6256,10715,11205
6256,10715,14203
6256,10715,14310
6256,10715,14512
6256,10715,14701
6256,10715,14704
6256,10736,10816
6256,10736,11043
6256,10736,11203
6256,10736,12039
6256,10736,12105
6256,10736,13000
6256,10804,10823
6256,10804,13100
6256,10810,13000
6256,10813,13000
6256,10813,14077
6256,10816,13000
6256,10816,13100
6256,10816,14104
6256,10823,12039
6256,10823,13100
6256,11043,12039
6256,11200,13101
6256,11200,14077
6256,11203,12032
6256,11203,13000
6256,11203,14102
6256,11203,14513
6256,11204,14102
6256,11205,12102
6256,11205,14701
6256,12039,13000
6256,12039,14512
6256,12100,13000
6256,12101,14102
6256,12104,12105
6256,12104,14307
6256,12105,13000
6256,12105,14307
6256,13000,13102
6256,13000,14102
6256,13000,14104
6256,13000,14309
6256,13000,14512
6256,13000,14513
6256,13101,14077
6256,14002,14303
6256,14002,14510
6256,14203,14310
6256,14203,14709
6256,14300,14513
6256,14303,14510
6256,14305,14307
6256,14307,14310
6256,14500,14502
6256,14500,14506
6256,14502,14506
6256,14512,14704
6442,6611,14103
6442,6754,10571
6442,6754,10808
6442,6754,11205
6442,6754,13100
6442,6754,14307
6442,6831,10571
6442,6831,11044
6442,6831,13101
6442,7638,10605
6442,7847,11205
6442,10147,10736
6442,10450,10593
6442,10450,10817
6442,10450,12101
6442,10535,13102
6442,10562,12039
6442,10571,13101
6442,10593,12101
6442,10813,14307
6442,10816,12103
6442,10816,14104
6442,10816,14300
6442,11202,12109
6442,11202,14511
6442,11203,11205
6442,11203,14307
6442,11205,12102
6442,11205,12104
6442,11205,14103
6442,11205,14106
6442,12039,12109
6442,12039,14077
6442,12101,14508
6442,12102,14103
6442,12103,14300
6442,12105,12109
6442,12109,14077
6442,13000,14073
6442,14106,14302
6442,14307,14511
6611,6754,14103
6611,7722,10813
6611,7722,11029
6611,7722,11200
6611,7722,12105
6611,7722,14103
6611,7847,10513
6611,7847,12107
6611,9369,14077
6611,9369,14107
6611,10513,12107
6611,10514,14103
6611,10514,14104
6611,10557,11204
6611,10557,12002
6611,10630,10736
6611,10630,10777
6611,10736,10777
6611,10804,14103
6611,10808,12103
6611,11029,11200
6611,11203,12107
6611,11204,12002
6611,14077,14107
6611,14103,14104
6611,14103,14309
6754,7229,10147
6754,8301,10450
6754,9369,10450
6754,9369,10513
6754,10450,10513
6754,10557,10808
6754,10571,11205
6754,10593,12102
6754,10593,12109
6754,10630,12103
6754,10777,10808
6754,10800,12102
6754,10804,11048
6754,10804,11202
6754,10817,12032
6754,10818,11205
6754,11048,11202
6754,11205,12105
6754,11205,12109
6754,11205,14102
6754,12032,14103
6754,12101,12104
6754,12102,12109
6754,12105,12109
6754,13100,14303
6754,14073,14101
6754,14101,14108
6754,14104,14305
6831,7722,10562
6831,7722,11200
6831,7847,10808
6831,7847,11044
6831,7847,11201
6831,7847,11205
6831,9369,10736
6831,10147,13100
6831,10450,10736
6831,10535,10791
6831,10562,11200
6831,10562,14101
6831,10562,14500
6831,10571,13101
6831,10593,11044
6831,10605,10736
6831,10736,10808
6831,10736,11201
6831,10808,11201
6831,11044,14501
6831,13102,14107
6831,14101,14500
7229,7847,10810
7229,7847,10818
7229,8301,10557
7229,10513,10630
7229,10514,10818
7229,10514,11205
7229,10562,10818
7229,10593,13000
7229,10808,10813
7229,10808,10818
7229,10808,11201
7229,10808,12105
7229,10813,12105
7229,10816,13000
7229,10817,11200
7229,10818,11201
7229,10818,11204
7229,10818,11205
7229,10823,11204
7229,11204,14101
7229,12109,14106
7638,8764,10147
7638,9141,10804
7638,9141,14101
7638,9369,14709
7638,10147,10823
7638,10147,13039
7638,10147,14104
7638,10147,14303
7638,10147,14506
7638,10147,14702
7638,10514,14103
7638,10535,11201
7638,10535,13101
7638,10535,14309
7638,10562,14103
7638,10562,14300
7638,10569,10791
7638,10569,14509
7638,10605,11043
7638,10605,14506
7638,10736,10823
7638,10791,14509
7638,10804,14101
7638,10808,10818
7638,10808,12103
7638,10808,14073
7638,10808,14709
7638,10810,10823
7638,10810,11043
7638,10810,11201
7638,10810,11205
7638,10810,13102
7638,10810,14506
7638,10813,10816
7638,10816,14105
7638,10816,14703
7638,10818,12103
7638,10818,14203
7638,10818,14702
7638,10823,11043
7638,10823,13102
7638,10823,14104
7638,10823,14303
7638,10823,14707
7638,11043,12103
7638,11043,12104
7638,11043,13039
7638,11043,14073
7638,11043,14506
7638,11043,14702
7638,11043,14709
7638,11043,14902
7638,11043,14914
7638,11044,14073
7638,11044,14302
7638,11044,14447
7638,11201,11205
7638,11201,13102
7638,11201,14101
7638,11201,14309
7638,11205,14010
7638,11205,14703
7638,12101,14501
7638,12103,13050
7638,12103,13102
7638,12103,14073
7638,12103,14213
7638,12103,14307
7638,12103,14308
7638,12103,14506
7638,12103,14509
7638,12103,14710
7638,12103,14900
7638,12104,13039
7638,13039,14702
7638,13050,13102
7638,13050,14010
7638,13050,14213
7638,13050,14303
7638,13050,14304
7638,13050,14900
7638,13101,14309
7638,14002,14009
7638,14002,14103
7638,14002,14303
7638,14002,14456
7638,14009,14103
7638,14009,14910
7638,14010,14703
7638,14010,14900
7638,14073,14302
7638,14073,14307
7638,14073,14705
7638,14073,14709
7638,14073,14910
7638,14101,14309
7638,14105,14710
7638,14203,14702
7638,14213,14303
7638,14213,14900
7638,14242,14703
7638,14242,14900
7638,14275,14300
7638,14303,14456
7638,14303,14500
7638,14303,14504
7638,14303,14506
7638,14303,14707
7638,14308,14506
7638,14500,14504
7638,14509,14710
7638,14702,14706
7638,14702,14914
7638,14703,14900
7638,14705,14910
7638,14706,14914
7638,14709,14902
7638,14902,14905
7722,7847,10147
7722,7847,10513
7722,7847,10813
7722,7847,10818
7722,7847,14307
7722,7847,14503
7722,9369,10513
7722,9369,11205
7722,10147,10562
7722,10147,10813
7722,10147,10818
7722,10147,11043
7722,10147,12103
7722,10147,12105
7722,10147,14010
7722,10147,14302
7722,10147,14713
7722,10557,13050
7722,10557,14107
7722,10562,10808
7722,10562,10813
7722,10562,10818
7722,10562,10823
7722,10562,11200
7722,10562,12105
7722,10562,14000
7722,10562,14056
7722,10562,14103
7722,10562,14500
7722,10562,14503
7722,10562,14508
7722,10562,14710
7722,10562,14713
7722,10562,14907
7722,10593,11203
7722,10605,10808
7722,10605,11203
7722,10605,12039
7722,10605,12103
7722,10605,13039
7722,10605,14502
7722,10630,11200
7722,10630,12002
7722,10736,14103
7722,10736,14307
7722,10800,11203
7722,10800,13050
7722,10800,14010
7722,10800,14304
7722,10808,10818
7722,10808,11043
7722,10808,12103
7722,10813,10823
7722,10817,14102
7722,10818,14103
7722,10818,14503
7722,11029,11200
7722,11029,14103
7722,11029,14511
7722,11043,12103
7722,11043,14073
7722,11043,14302
7722,11200,12002
7722,11200,14009
7722,11200,14103
7722,11201,12032
7722,11203,14010
7722,12032,14307
7722,12032,14506
7722,12103,14502
7722,12103,14508
7722,12103,14709
7722,12103,14910
7722,12104,14702
7722,12105,14103
7722,12105,14508
7722,13050,14010
7722,13050,14304
7722,13050,14910
7722,13101,14108
7722,13101,14309
7722,14000,14500
7722,14010,14713
7722,14073,14279
7722,14073,14709
7722,14103,14305
7722,14103,14307
7722,14103,14508
7722,14105,14503
7722,14106,14302
7722,14106,14307
7722,14106,14508
7722,14203,14509
7722,14279,14709
7722,14307,14503
7722,14307,14506
7722,14307,14508
7722,14500,14508
7722,14500,14713
7722,14508,14709
7722,14508,14710
7722,14508,14904
7722,14508,14916
7722,14904,14916
7847,8301,10810
7847,10147,10808
7847,10147,10813
7847,10147,10816
7847,10147,11203
7847,10147,12032
7847,10513,12107
7847,10557,10808
7847,10562,10808
7847,10562,14102
7847,10791,11205
7847,10791,12109
7847,10800,10813
7847,10808,11201
7847,10808,12032
7847,10808,14073
7847,10808,14102
7847,10808,14504
7847,10810,12032
7847,10813,12032
7847,10813,13100
7847,10813,13101
7847,10817,11201
7847,10817,12032
7847,11200,11205
7847,11201,12032
7847,11201,12101
7847,11201,12109
7847,11203,12032
7847,11205,12032
7847,11205,12101
7847,11205,12109
7847,11205,13102
7847,11205,14304
7847,12002,14309
7847,12039,14508
7847,12101,12109
7847,14073,14504
7847,14104,14300
7847,14307,14503
8301,9369,14105
8301,10513,10630
8301,10513,10823
8301,10513,14103
8301,10535,10777
8301,10535,13102
8301,10557,10630
8301,10557,10808
8301,10557,11044
8301,10557,11203
8301,10557,13000
8301,10557,14103
8301,10557,14104
8301,10557,14307
8301,10571,10804
8301,10630,14104
8301,10804,10823
8301,10804,11044
8301,10804,11202
8301,10804,14104
8301,10808,10813
8301,10808,12104
8301,10808,14102
8301,10813,14102
8301,10823,12103
8301,10823,14103
8301,11029,11048
8301,11029,12105
8301,11044,11202
8301,11044,12002
8301,11044,14101
8301,11048,12105
8301,11201,12032
8301,11203,14307
8301,12002,14101
8301,13100,13102
8301,13102,14309
8764,9174,12100
8764,9174,14108
8764,9369,12100
8764,9369,13050
8764,10147,10823
8764,10514,12100
8764,10593,10823
8764,10593,11202
8764,10630,10736
8764,10630,10823
8764,10736,10823
8764,10800,11200
8764,10800,12039
8764,10810,10823
8764,10810,13102
8764,10823,12032
8764,10823,12103
8764,10823,12107
8764,10823,13101
8764,10823,13102
8764,10823,14107
8764,11200,12039
8764,11200,14509
8764,12032,13101
8764,12100,12109
8764,12100,13000
8764,12100,13050
8764,12100,13100
8764,12100,13101
8764,12100,14073
8764,12100,14105
8764,12100,14106
8764,12100,14108
8764,12100,14302
8764,12100,14304
8764,12100,14308
8764,12100,14309
8764,12107,13102
8764,13101,14309
8764,14073,14304
8764,14106,14302
8764,14308,14309
8883,9141,9369
8883,9369,10804
8883,10791,14300
8883,10810,10823
8883,10823,14009
8883,12100,14307
8883,12100,14516
8883,12101,14106
8883,12103,12104
8883,12109,14000
8883,12109,14502
8883,14000,14502
8883,14009,14107
8883,14307,14516
9141,10800,12104
9141,10802,12106
9141,10804,14101
9141,11205,12104
9141,11205,13102
9141,12104,13102
9141,12104,14102
9174,9369,11204
9174,9369,14108
9174,10147,14108
9174,10513,12100
9174,10513,14009
9174,10513,14108
9174,10513,14203
9174,10513,14304
9174,10513,14501
9174,10791,12103
9174,10791,14504
9174,10800,14102
9174,11204,14108
9174,11204,14304
9174,12100,14108
9174,12100,14509
9174,12103,14504
9174,12107,14501
9174,12107,14508
9174,13101,14108
9174,14009,14105
9174,14009,14501
9174,14105,14106
9174,14105,14302
9174,14106,14302
9174,14107,14108
9174,14108,14509
9174,14203,14501
9174,14309,14512
9174,14501,14508
9369,10450,10513
9369,10450,10823
9369,10513,10823
9369,10513,11029
9369,10513,14077
9369,10513,14103
9369,10513,14106
9369,10513,14310
9369,10513,14502
9369,10513,14503
9369,10513,14506
9369,10513,14512
9369,10513,14705
9369,10557,10823
9369,10557,14103
9369,10562,10810
9369,10562,11202
9369,10562,12039
9369,10562,14309
9369,10569,11204
9369,10569,14708
9369,10571,10630
9369,10571,12032
9369,10605,11204
9369,10605,12105
9369,10605,14103
9369,10605,14106
9369,10630,11029
9369,10630,12032
9369,10630,14105
9369,10800,10808
9369,10800,10810
9369,10800,12103
9369,10800,13000
9369,10800,14101
9369,10804,11202
9369,10804,14103
9369,10808,11204
9369,10808,12109
9369,10808,14101
9369,10808,14502
9369,10808,14503
9369,10810,14309
9369,10823,11048
9369,10823,14077
9369,10823,14707
9369,10823,14901
9369,11029,14002
9369,11029,14105
9369,11029,14303
9369,11029,14503
9369,11029,14512
9369,11043,14503
9369,11048,14100
9369,11200,12109
9369,11200,14705
9369,11204,11205
9369,11204,12103
9369,11204,13102
9369,11204,14105
9369,11204,14106
9369,11204,14108
9369,11204,14308
9369,11204,14447
9369,11204,14502
9369,11204,14503
9369,11204,14504
9369,11204,14705
9369,11204,14901
9369,11204,14903
9369,11204,14906
9369,11205,12103
9369,11205,13102
9369,11205,14000
9369,11205,14101
9369,12039,13039
9369,12039,14502
9369,12039,14709
9369,12100,13050
9369,12100,14502
9369,12101,13000
9369,12103,13000
9369,12103,14504
9369,12105,14103
9369,12109,14503
9369,12109,14901
9369,12109,14907
9369,13000,14502
9369,13039,14709
9369,13050,14105
9369,13050,14503
9369,13050,14508
9369,13050,14703
9369,13050,14904
9369,13101,14103
9369,13101,14108
9369,13101,14905
9369,14002,14303
9369,14056,14279
9369,14056,14501
9369,14056,14700
9369,14056,14703
9369,14073,14502
9369,14073,14701
9369,14073,14900
9369,14073,14910
9369,14077,14101
9369,14077,14107
9369,14077,14502
9369,14077,14503
9369,14101,14303
9369,14101,14503
9369,14101,14901
9369,14103,14105
9369,14103,14106
9369,14103,14108
9369,14103,14310
9369,14103,14502
9369,14103,14707
9369,14105,14308
9369,14105,14707
9369,14105,14903
9369,14105,14905
9369,14105,14906
9369,14106,14502
9369,14106,14705
9369,14106,14901
9369,14108,14310
9369,14226,14503
9369,14226,14703
9369,14226,14707
9369,14226,14710
9369,14226,14901
9369,14226,14903
9369,14226,14906
9369,14279,14501
9369,14303,14503
9369,14303,14901
9369,14307,14309
9369,14307,14310
9369,14309,14310
9369,14310,14506
9369,14502,14503
9369,14502,14504
9369,14502,14512
9369,14502,14701
9369,14502,14707
9369,14502,14710
9369,14502,14908
9369,14503,14510
9369,14503,14512
9369,14503,14707
9369,14503,14901
9369,14503,14902
9369,14503,14903
9369,14503,14905
9369,14503,14908
9369,14503,14913
9369,14504,14710
9369,14508,14703
9369,14510,14707
9369,14700,14703
9369,14703,14707
9369,14705,14901
9369,14706,14903
9369,14707,14901
9369,14707,14905
9369,14710,14906
9369,14900,14908
9369,14901,14903
9369,14901,14907
9369,14901,14913
9369,14902,14905
10147,10513,10813
10147,10513,12103
10147,10535,10736
10147,10535,10791
10147,10535,14203
10147,10557,10808
10147,10562,10818
10147,10571,12103
10147,10605,10808
10147,10605,12039
10147,10605,13000
10147,10605,14502
10147,10791,14203
10147,10808,12103
10147,10808,13050
10147,10808,14073
10147,10808,14279
10147,10808,14502
10147,10813,12032
10147,10813,12103
10147,10818,12032
10147,10818,14073
10147,10823,11201
10147,10823,14104
10147,11043,12103
10147,11043,14302
10147,11043,14503
10147,11043,14709
10147,11201,14101
10147,11203,11205
10147,11203,12032
10147,11204,14506
10147,11204,14707
10147,12032,13102
10147,12032,14512
10147,12039,14502
10147,12103,14104
10147,12103,14279
10147,12103,14504
10147,13039,14702
10147,13050,14508
10147,13101,14309
10147,14009,14711
10147,14010,14713
10147,14073,14279
10147,14073,14905
10147,14104,14307
10147,14104,14508
10147,14279,14905
10147,14303,14503
10147,14303,14504
10147,14303,14506
10147,14307,14508
10147,14310,14709
10147,14503,14504
10147,14506,14707
10450,10513,10514
10450,10513,10817
10450,10513,12002
10450,10513,12101
10450,10513,12102
10450,10513,12105
10450,10513,14103
10450,10513,14501
10450,10513,14700
10450,10514,12002
10450,10557,14103
10450,10593,12101
10450,10593,12102
10450,10804,12002
10450,10823,14009
10450,10823,14268
10450,10823,14510
10450,10823,14705
10450,11029,11048
10450,11029,11204
10450,11029,14503
10450,11029,14506
10450,11048,14503
10450,11203,12002
10450,11204,14506
10450,12101,12102
10450,12101,14103
10450,12101,14506
10450,14009,14705
10450,14103,14501
10450,14103,14506
10450,14106,14302
10450,14268,14510
10450,14268,14708
10450,14510,14708
10513,10514,12002
10513,10535,14307
10513,10535,14506
10513,10535,14921
10513,10562,12107
10513,10562,14056
10513,10569,14501
10513,10569,14705
10513,10593,10804
10513,10593,12002
10513,10593,12100
10513,10605,14508
10513,10736,10810
10513,10736,12109
10513,10802,14512
10513,10804,14102
10513,10810,12109
10513,10810,14310
10513,10813,12103
10513,10817,12104
10513,10817,12109
10513,10817,14501
10513,10823,11044
10513,10823,12039
10513,10823,14103
10513,10823,14501
10513,10823,14502
10513,11029,11203
10513,11029,14103
10513,11029,14512
10513,11044,12109
10513,11044,14900
10513,11203,11205
10513,11203,14103
10513,11203,14708
10513,11205,12002
10513,11205,14226
10513,11205,14501
10513,11205,14508
10513,11205,14700
10513,11205,14708
10513,11205,14901
10513,11205,14908
10513,12002,12100
10513,12039,12105
10513,12039,14506
10513,12100,13000
10513,12101,12102
10513,12101,14100
10513,12101,14102
10513,12101,14103
10513,12103,12105
10513,12103,13000
10513,12104,14501
10513,12105,13000
10513,12105,14506
10513,12107,14056
10513,12109,14103
10513,12109,14506
10513,12109,14708
10513,13000,14102
10513,14009,14501
10513,14009,14506
10513,14010,14706
10513,14056,14501
10513,14056,14700
10513,14073,14226
10513,14073,14703
10513,14077,14502
10513,14077,14504
10513,14077,14506
10513,14100,14103
10513,14103,14106
10513,14103,14501
10513,14103,14502
10513,14103,14707
10513,14105,14106
10513,14105,14107
10513,14106,14107
10513,14203,14501
10513,14226,14703
10513,14226,14705
10513,14226,14901
10513,14226,14903
10513,14226,14905
10513,14300,14700
10513,14300,14708
10513,14303,14503
10513,14310,14506
10513,14456,14712
10513,14456,14915
10513,14501,14700
10513,14501,14705
10513,14501,14707
10513,14501,14708
10513,14502,14511
10513,14502,14705
10513,14502,14710
10513,14504,14506
10513,14506,14921
10513,14511,14705
10513,14628,14915
10513,14700,14708
10513,14700,14903
10513,14700,14908
10513,14705,14710
10513,14707,14708
10513,14708,14901
10513,14712,14915
10513,14900,14905
10513,14903,14905
10513,14903,14908
10514,10557,10630
10514,10630,12002
10514,10630,14105
10514,10804,11202
10514,10804,14104
10514,10818,11205
10514,11202,14104
10514,14103,14104
10535,10562,11201
10535,10562,12002
10535,10562,14628
10535,10605,10818
10535,10605,12109
10535,10605,13039
10535,10605,14300
10535,10630,10736
10535,10630,11201
10535,10777,10800
10535,10777,13000
10535,10791,10818
10535,10791,14203
10535,10791,14509
10535,10800,11043
10535,10800,11205
10535,10800,12103
10535,10800,13000
10535,10800,14009
10535,10800,14513
10535,10808,14010
10535,10808,14073
10535,10808,14307
10535,10808,14502
10535,10808,14503
10535,10818,12032
10535,10818,13100
10535,10818,14102
10535,10818,14509
10535,10823,14009
10535,10823,14106
10535,10823,14302
10535,10823,14503
10535,11043,13039
10535,11043,14513
10535,11043,14709
10535,11044,13039
10535,11044,14101
10535,11201,11205
10535,11201,12002
10535,11201,12103
10535,11203,12032
10535,11203,13039
10535,11203,14230
10535,11204,14010
10535,11205,12104
10535,11205,14009
10535,11205,14309
10535,12032,14230
10535,12039,12109
10535,12039,14705
10535,12100,13101
10535,12104,13101
10535,12104,14909
10535,12109,14304
10535,12109,14703
10535,13039,14101
10535,13039,14105
10535,13039,14308
10535,13039,14456
10535,13039,14709
10535,13039,14712
10535,13050,14703
10535,13050,14904
10535,13101,14309
10535,14009,14309
10535,14009,14503
10535,14010,14307
10535,14010,14509
10535,14010,14705
10535,14010,14709
10535,14010,14713
10535,14056,14203
10535,14077,14913
10535,14101,14508
10535,14101,14709
10535,14105,14308
10535,14106,14302
10535,14203,14705
10535,14303,14705
10535,14447,14508
10535,14456,14712
10535,14500,14701
10535,14500,14713
10535,14502,14503
10535,14502,14510
10535,14502,14515
10535,14502,14712
10535,14506,14921
10535,14508,14700
10535,14508,14709
10535,14509,14709
10535,14510,14712
10535,14701,14713
10535,14703,14904
10535,14705,14713
10535,14905,14915
10557,10562,12002
10557,10571,10813
10557,10630,10816
10557,10630,14104
10557,10715,13050
10557,10715,14511
10557,10777,10816
10557,10808,10813
10557,10808,10818
10557,10808,11201
10557,10808,13100
10557,10808,13102
10557,10808,14101
10557,10808,14104
10557,10810,14077
10557,10810,14500
10557,10813,12032
10557,10813,14073
10557,10813,14102
10557,10816,14104
10557,11201,13102
10557,11203,14307
10557,11204,12002
10557,11205,12102
10557,13050,14203
10557,13050,14503
10557,13050,14511
10557,13100,14101
10557,14077,14500
10557,14203,14503
10557,14503,14510
10557,14504,14510
10562,10569,13039
10562,10569,14213
10562,10569,14709
10562,10715,14307
10562,10808,10818
10562,10808,12105
10562,10808,14073
10562,10808,14102
10562,10808,14275
10562,10808,14279
10562,10808,14307
10562,10810,14307
10562,10810,14309
10562,10810,14310
10562,10813,10823
10562,10813,11201
10562,10813,12104
10562,10818,11203
10562,10818,14503
10562,10818,14703
10562,11043,12103
10562,11043,14213
10562,11201,12002
10562,11201,12104
10562,11201,13039
10562,11203,12107
10562,11203,14703
10562,11203,14920
10562,12103,14213
10562,12103,14279
10562,12103,14509
10562,12103,14710
10562,12105,14103
10562,12105,14508
10562,12107,14056
10562,12107,14920
10562,13039,14709
10562,13050,14103
10562,14000,14056
10562,14000,14103
10562,14000,14500
10562,14056,14103
10562,14073,14275
10562,14101,14500
10562,14279,14509
10562,14307,14310
10562,14307,14706
10562,14307,14909
10562,14310,14511
10562,14500,14508
10562,14500,14713
10562,14501,14904
10562,14501,14909
10562,14508,14710
10562,14512,14900
10562,14512,14902
10562,14701,14709
10562,14706,14909
10562,14900,14902
10562,14904,14909
10569,10605,12039
10569,10791,14009
10569,10791,14105
10569,10791,14268
10569,10791,14300
10569,10791,14509
10569,10808,14226
10569,10808,14701
10569,10818,11044
10569,10818,14706
10569,10818,14713
10569,11204,14500
10569,12032,14905
10569,12039,14300
10569,12039,14703
10569,12104,14300
10569,12104,14500
10569,12107,12109
10569,12109,14502
10569,12109,14905
10569,13039,14709
10569,13050,14915
10569,13101,14709
10569,13101,14900
10569,14000,14103
10569,14000,14500
10569,14009,14105
10569,14009,14512
10569,14009,14700
10569,14103,14500
10569,14105,14268
10569,14105,14512
10569,14107,14512
10569,14226,14506
10569,14226,14701
10569,14226,14703
10569,14226,14707
10569,14226,14902
10569,14226,14908
10569,14242,14503
10569,14242,14701
10569,14268,14300
10569,14268,14512
10569,14268,14701
10569,14268,14703
10569,14268,14705
10569,14279,14703
10569,14300,14500
10569,14423,14704
10569,14501,14705
10569,14502,14710
10569,14502,14905
10569,14502,14908
10569,14506,14707
10569,14512,14700
10569,14512,14704
10569,14700,14704
10569,14700,14908
10569,14701,14703
10569,14701,14904
10569,14701,14909
10569,14706,14713
10569,14709,14900
10569,14710,14908
10569,14902,14908
10569,14904,14909
10571,10630,12032
10571,10630,14105
10571,10630,14309
10571,10777,11203
10571,10777,14102
10571,10777,14103
10571,10804,13100
10571,10823,11200
10571,11029,11044
10571,11029,14300
10571,11044,14300
10571,11200,11205
10571,11200,12102
10571,11200,14106
10571,11200,14300
10571,11200,14302
10571,11203,14103
10571,11205,12102
10571,11205,12105
10571,12102,12109
10571,12102,14106
10571,12107,14077
10571,12107,14103
10571,13100,14103
10571,13100,14107
10571,14077,14103
10571,14106,14302
10593,10800,10823
10593,11204,12105
10593,11204,12109
10593,12002,12100
10593,12102,12109
10593,12103,13102
10593,12105,12109
10605,10736,14106
10605,10736,14513
10605,10791,14073
10605,10808,12100
10605,10808,14009
10605,10808,14213
10605,10808,14503
10605,10808,14905
10605,10810,10816
10605,10810,12032
10605,10810,14308
10605,10816,12032
10605,11043,14103
10605,11043,14709
10605,11044,14508
10605,11044,14703
10605,11204,12103
10605,11204,13050
10605,11204,14910
10605,12032,14503
10605,12032,14712
10605,12032,14901
10605,12039,14302
10605,12039,14310
10605,12039,14502
10605,12039,14503
10605,12103,13039
10605,12103,14268
10605,12103,14502
10605,12103,14910
10605,12103,14915
10605,12103,14920
10605,12103,14922
10605,12104,14501
10605,12105,12109
10605,12105,14103
10605,12105,14279
10605,12107,14703
10605,12107,14713
10605,12109,14907
10605,13039,14900
10605,13039,14920
10605,13050,14304
10605,14056,14703
10605,14102,14502
10605,14106,14513
10605,14108,14305
10605,14108,14702
10605,14226,14511
10605,14268,14502
10605,14268,14509
10605,14268,14712
10605,14302,14503
10605,14303,14305
10605,14303,14511
10605,14305,14508
10605,14305,14511
10605,14305,14702
10605,14309,14510
10605,14310,14502
10605,14502,14922
10605,14503,14905
10605,14508,14703
10605,14509,14702
10605,14509,14712
10605,14703,14713
10630,10736,10777
10630,10736,10823
10630,10777,11201
10630,10777,12103
10630,10800,10810
10630,10800,11048
10630,10804,14077
10630,10804,14303
10630,10810,12109
10630,11200,12002
10630,11201,12103
10630,12002,14077
10630,12108,14073
10630,14077,14303
10715,10800,10816
10715,10800,14203
10715,10816,11205
10715,10816,13050
10715,10816,14513
10715,11200,14500
10715,11205,13050
10715,11205,14701
10715,12109,14309
10715,12109,14504
10715,13050,14511
10715,14102,14308
10715,14102,14501
10715,14203,14310
10715,14268,14711
10715,14308,14501
10715,14309,14504
10715,14512,14704
10736,10800,14102
10736,10808,10813
10736,10808,10818
10736,10808,11204
10736,10808,12109
10736,10808,14513
10736,10808,14516
10736,10810,12109
10736,10813,10816
10736,10813,10818
10736,10816,13000
10736,10818,14508
10736,11043,12039
10736,12032,12105
10736,12032,14310
10736,12032,14500
10736,12105,13000
10736,12106,13000
10736,14103,14307
10736,14106,14513
10736,14309,14310
10736,14310,14500
10777,10800,13000
10777,10813,10816
10777,10813,12102
10777,10813,12103
10777,10813,14309
10777,10816,10818
10777,10816,12102
10777,10823,12103
10777,11201,12103
10777,11203,14103
10777,12103,13100
10777,12103,14107
10777,12105,14307
10777,13100,14103
10791,10818,11043
10791,10818,13050
10791,10818,14500
10791,10818,14509
10791,10823,14300
10791,11043,13050
10791,11043,14300
10791,11044,14203
10791,11044,14707
10791,11044,14709
10791,11203,14305
10791,11203,14912
10791,11204,14268
10791,11205,12109
10791,11205,14916
10791,12032,14213
10791,12032,14300
10791,12039,13101
10791,12103,14504
10791,14009,14105
10791,14009,14106
10791,14010,14709
10791,14010,14908
10791,14077,14300
10791,14077,14710
10791,14107,14705
10791,14108,14709
10791,14203,14279
10791,14203,14300
10791,14203,14509
10791,14203,14700
10791,14203,14707
10791,14203,14709
10791,14203,14902
10791,14213,14300
10791,14226,14509
10791,14268,14300
10791,14268,14512
10791,14268,14703
10791,14279,14709
10791,14300,14302
10791,14300,14423
10791,14300,14502
10791,14300,14509
10791,14300,14700
10791,14300,14710
10791,14300,14712
10791,14300,14904
10791,14305,14504
10791,14305,14912
10791,14508,14509
10791,14509,14700
10791,14512,14703
10791,14700,14705
10791,14700,14902
10791,14700,14908
10791,14705,14908
10791,14709,14908
10800,10808,12039
10800,10808,14101
10800,10808,14106
10800,10808,14302
10800,10808,14506
10800,10808,14705
10800,10808,14710
10800,10810,14310
10800,10818,11201
10800,10818,14101
10800,10818,14500
10800,10818,14513
10800,10818,14711
10800,11043,12104
10800,11043,13000
10800,11043,14513
10800,11043,14709
10800,11200,12039
10800,11201,14500
10800,11203,14010
10800,11204,14302
10800,12103,13000
10800,12103,14103
10800,12103,14504
10800,12103,14516
10800,12104,14310
10800,13050,14304
10800,14101,14106
10800,14101,14711
10800,14103,14516
10800,14104,14307
10800,14106,14302
10800,14106,14506
10800,14302,14506
10800,14303,14502
10800,14705,14710
10802,10823,11029
10802,10823,14712
10802,11029,14712
10802,11205,12103
10802,13101,14108
10802,14203,14508
10802,14501,14708
10802,14707,14712
10804,10823,13100
10804,11029,14100
10804,11029,14303
10804,11044,11202
10804,11048,11202
10804,11202,14104
10804,12109,13000
10804,13100,14303
10804,14077,14303
10808,10810,13102
10808,10813,10818
10808,10813,11203
10808,10813,12103
10808,10813,12105
10808,10813,14102
10808,10813,14307
10808,10818,11043
10808,10818,11201
10808,10818,12002
10808,10818,12103
10808,10818,12109
10808,10818,13101
10808,10818,14213
10808,10818,14275
10808,11043,12103
10808,11043,14213
10808,11043,14305
10808,11043,14307
10808,11043,14709
10808,11043,14912
10808,11043,14920
10808,11201,12032
10808,11201,13100
10808,11201,13102
10808,11201,14104
10808,11203,12032
10808,11203,12103
10808,11203,12104
10808,11203,13000
10808,11203,14203
10808,11203,14307
10808,11204,12103
10808,11204,14107
10808,11204,14279
10808,11205,12107
10808,12032,12104
10808,12032,14305
10808,12032,14307
10808,12032,14502
10808,12103,12104
10808,12103,13039
10808,12103,13050
10808,12103,14073
10808,12103,14107
10808,12103,14213
10808,12103,14279
10808,12103,14510
10808,12103,14709
10808,12103,14920
10808,12104,14107
10808,12104,14447
10808,12104,14503
10808,12105,12109
10808,12105,14709
10808,12109,14503
10808,13039,14709
10808,13050,14508
10808,13100,14101
10808,13101,14503
10808,13101,14504
10808,14009,14503
10808,14009,14905
10808,14010,14108
10808,14010,14307
10808,14010,14709
10808,14073,14103
10808,14073,14275
10808,14073,14305
10808,14073,14504
10808,14073,14705
10808,14073,14709
10808,14101,14106
10808,14108,14709
10808,14213,14275
10808,14213,14279
10808,14226,14701
10808,14279,14500
10808,14279,14701
10808,14279,14904
10808,14302,14506
10808,14304,14305
10808,14305,14703
10808,14305,14920
10808,14307,14310
10808,14307,14912
10808,14308,14501
10808,14308,14515
10808,14447,14503
10808,14501,14515
10808,14502,14503
10808,14503,14504
10808,14503,14905
10808,14503,14915
10808,14701,14904
10808,14705,14710
10808,14709,14920
10810,10816,10818
10810,10816,12032
10810,10816,12106
10810,10818,11201
10810,10818,12106
10810,10823,13102
10810,11043,14506
10810,11201,14310
10810,13101,14108
10810,14073,14304
10810,14077,14500
10810,14307,14310
10813,10816,12102
10813,10818,12103
10813,10818,12104
10813,11201,12104
10813,11203,14307
10816,10818,12104
10816,10818,12106
10816,10818,14104
10816,10818,14203
10816,10823,12032
10816,10823,14107
10816,10823,14506
10816,11043,14506
10816,11043,14508
10816,11043,14711
10816,11201,12103
10816,11205,12101
10816,11205,13050
10816,11205,14104
10816,12032,14506
10816,12101,14104
10816,12103,14300
10816,12104,14203
10816,12104,14300
10816,12104,14508
10816,12109,14305
10816,12109,14309
10816,13101,14106
10816,14103,14502
10816,14203,14508
10816,14203,14700
10816,14300,14508
10816,14305,14309
10816,14310,14700
10816,14310,14703
10816,14310,14706
10816,14310,14711
10816,14506,14711
10816,14508,14700
10816,14700,14711
10816,14703,14706
10817,11029,14510
10817,11200,11203
10817,11201,12032
10817,12104,14501
10817,12109,14512
10817,14105,14307
10818,11043,12103
10818,11043,13050
10818,11043,14502
10818,11043,14508
10818,11201,14500
10818,11203,14303
10818,11203,14703
10818,11204,12109
10818,11204,14213
10818,11204,14500
10818,11205,14304
10818,11205,14500
10818,12032,13039
10818,12103,14279
10818,12103,14309
10818,12103,14709
10818,12104,13039
10818,12104,14203
10818,12104,14310
10818,12104,14500
10818,12107,14500
10818,12107,14904
10818,13039,14009
10818,13039,14302
10818,13039,14310
10818,13050,14279
10818,13050,14500
10818,13101,14213
10818,14009,14302
10818,14009,14500
10818,14101,14711
10818,14203,14500
10818,14203,14702
10818,14213,14275
10818,14213,14500
10818,14279,14709
10818,14300,14302
10818,14300,14501
10818,14302,14501
10818,14304,14500
10818,14304,14704
10818,14423,14912
10818,14447,14709
10818,14500,14904
10818,14502,14508
10818,14506,14703
10818,14508,14713
10818,14706,14713
10823,11029,11202
10823,11029,12101
10823,11029,14105
10823,11029,14712
10823,11048,14105
10823,11200,14509
10823,11202,12109
10823,11202,14105
10823,11205,13102
10823,11205,14105
10823,11205,14700
10823,11205,14903
10823,12032,13101
10823,12032,14506
10823,12101,14100
10823,12101,14105
10823,12101,14506
10823,12101,14700
10823,12102,12109
10823,12103,13000
10823,12103,14104
10823,12103,14303
10823,12103,14308
10823,12107,13102
10823,12109,14105
10823,13000,14104
10823,13050,14303
10823,13050,14506
10823,13050,14906
10823,13100,14103
10823,13101,14309
10823,13102,14105
10823,14009,14503
10823,14009,14705
10823,14056,14706
10823,14056,14908
10823,14100,14103
10823,14103,14104
10823,14103,14303
10823,14103,14502
10823,14103,14905
10823,14105,14303
10823,14105,14310
10823,14105,14701
10823,14105,14706
10823,14105,14707
10823,14106,14302
10823,14203,14268
10823,14268,14510
10823,14303,14308
10823,14303,14500
10823,14303,14506
10823,14303,14510
10823,14303,14707
10823,14303,14900
10823,14303,14906
10823,14310,14706
10823,14500,14900
10823,14506,14510
10823,14700,14903
10823,14700,14908
10823,14700,14912
10823,14701,14707
10823,14703,14915
10823,14706,14908
10823,14707,14901
11029,11044,14300
11029,11048,11202
11029,11048,12105
11029,11048,14503
11029,11200,14103
11029,11202,12107
11029,11203,12039
11029,11203,12107
11029,11203,14056
11029,11203,14103
11029,11204,14506
11029,12032,14510
11029,12039,14056
11029,12039,14077
11029,12039,14303
11029,12101,14105
11029,12109,14077
11029,12109,14504
11029,13101,14309
11029,14000,14002
11029,14000,14077
11029,14002,14056
11029,14002,14077
11029,14002,14303
11029,14009,14303
11029,14009,14707
11029,14009,14903
11029,14056,14077
11029,14056,14105
11029,14056,14230
11029,14056,14303
11029,14056,14511
11029,14056,14710
11029,14056,14904
11029,14073,14904
11029,14077,14303
11029,14077,14504
11029,14077,14511
11029,14100,14103
11029,14100,14303
11029,14105,14303
11029,14105,14309
11029,14105,14506
11029,14105,14510
11029,14105,14707
11029,14105,14903
11029,14105,14908
11029,14106,14503
11029,14106,14504
11029,14107,14300
11029,14107,14309
11029,14107,14712
11029,14226,14500
11029,14230,14904
11029,14300,14309
11029,14303,14511
11029,14303,14707
11029,14303,14712
11029,14303,14903
11029,14307,14308
11029,14447,14503
11029,14447,14905
11029,14501,14712
11029,14503,14504
11029,14503,14712
11029,14503,14905
11029,14510,14707
11029,14511,14710
11029,14511,14712
11029,14511,14901
11029,14512,14704
11029,14712,14905
11029,14903,14908
11043,11200,14506
11043,11200,14509
11043,11203,14709
11043,11204,14302
11043,11205,14902
11043,12039,14073
11043,12039,14709
11043,12101,14303
11043,12103,12104
11043,12103,14073
11043,12103,14213
11043,12103,14905
11043,12103,14915
11043,12104,13039
11043,13039,14709
11043,13050,14103
11043,13050,14709
11043,13050,14910
11043,13102,14302
11043,14056,14709
11043,14073,14709
11043,14106,14709
11043,14108,14709
11043,14226,14707
11043,14279,14508
11043,14279,14702
11043,14305,14920
11043,14307,14912
11043,14309,14310
11043,14309,14513
11043,14310,14513
11043,14501,14904
11043,14502,14508
11043,14502,14905
11043,14506,14509
11043,14506,14711
11043,14508,14700
11043,14508,14709
11043,14508,14902
11043,14508,14905
11043,14512,14709
11043,14702,14914
11043,14703,14910
11043,14709,14713
11043,14709,14902
11043,14709,14910
11043,14709,14920
11043,14905,14915
11044,11048,14101
11044,11203,12104
11044,11203,14108
11044,11203,14916
11044,11204,14103
11044,11204,14908
11044,12002,14101
11044,12039,14510
11044,12039,14703
11044,12104,13101
11044,12104,14002
11044,12104,14108
11044,12104,14501
11044,13039,14101
11044,13050,14501
11044,13101,14108
11044,13101,14501
11044,13101,14909
11044,14010,14713
11044,14056,14456
11044,14056,14500
11044,14073,14302
11044,14101,14712
11044,14103,14908
11044,14108,14909
11044,14203,14707
11044,14213,14921
11044,14456,14500
11044,14456,14712
11044,14500,14701
11044,14500,14703
11044,14508,14703
11044,14510,14703
11044,14511,14703
11044,14511,14916
11044,14701,14703
11044,14703,14916
11048,14077,14105
11200,11203,14509
11200,11205,12102
11200,12102,14100
11200,12102,14106
11200,13101,14077
11200,14102,14103
11200,14103,14304
11200,14106,14302
11200,14106,14508
11200,14106,14509
11200,14308,14509
11200,14506,14509
11200,14508,14509
11201,12101,12109
11201,12101,14073
11201,13000,14104
11201,13000,14305
11201,14101,14309
11201,14104,14305
11202,12109,14105
11202,14104,14305
11203,11205,14708
11203,12032,12104
11203,12032,14230
11203,12032,14279
11203,12039,12107
11203,12039,14056
11203,12100,14105
11203,12100,14308
11203,12101,14100
11203,12104,14108
11203,12105,12107
11203,12105,12109
11203,12105,14504
11203,12105,14709
11203,12107,12109
11203,12107,13000
11203,12107,14100
11203,12107,14302
11203,12107,14307
11203,12107,14508
11203,12107,14703
11203,12107,14904
11203,12107,14916
11203,12107,14920
11203,12109,13000
11203,13000,14100
11203,13000,14513
11203,13101,14500
11203,14077,14103
11203,14103,14303
11203,14103,14703
11203,14105,14308
11203,14107,14300
11203,14107,14502
11203,14302,14508
11203,14303,14703
11203,14305,14912
11203,14504,14709
11203,14703,14708
11203,14904,14916
11204,11205,13102
11204,12103,14279
11204,12103,14504
11204,12103,14713
11204,12103,14910
11204,12105,12109
11204,12107,14510
11204,12107,14512
11204,12109,13050
11204,12109,14268
11204,12109,14709
11204,13050,14709
11204,13101,14108
11204,13101,14502
11204,13101,14906
11204,14073,14705
11204,14103,14908
11204,14105,14308
11204,14105,14903
11204,14105,14906
11204,14106,14310
11204,14106,14502
11204,14108,14906
11204,14213,14500
11204,14302,14423
11204,14305,14508
11204,14307,14707
11204,14307,14902
11204,14501,14704
11204,14501,14708
11204,14506,14508
11204,14506,14707
11204,14509,14704
11204,14510,14512
11204,14704,14708
11204,14705,14901
11204,14707,14902
11205,12032,14702
11205,12039,14103
11205,12039,14305
11205,12101,14104
11205,12102,14103
11205,12103,14902
11205,12104,13102
11205,12105,12109
11205,12109,13100
11205,13050,13101
11205,13050,14101
11205,13050,14203
11205,13050,14268
11205,13050,14307
11205,13050,14500
11205,13050,14702
11205,13050,14902
11205,13050,14905
11205,13050,14910
11205,13101,14108
11205,13102,14105
11205,14009,14304
11205,14009,14309
11205,14010,14501
11205,14010,14703
11205,14010,14709
11205,14101,14268
11205,14101,14305
11205,14101,14500
11205,14103,14104
11205,14103,14305
11205,14104,14305
11205,14203,14905
11205,14226,14511
11205,14226,14901
11205,14226,14903
11205,14268,14304
11205,14268,14700
11205,14268,14902
11205,14304,14500
11205,14447,14902
11205,14500,14702
11205,14501,14709
11205,14503,14905
11205,14511,14903
11205,14700,14703
11205,14700,14902
11205,14700,14903
11205,14700,14908
11205,14703,14709
11205,14902,14910
12002,12107,14100
12002,12107,14105
12002,14100,14105
12032,12103,14502
12032,12103,14702
12032,12103,14703
12032,12105,14310
12032,12107,14279
12032,12107,14508
12032,12109,14900
12032,12109,14902
12032,13101,14309
12032,14077,14503
12032,14213,14300
12032,14213,14900
12032,14268,14504
12032,14268,14510
12032,14279,14508
12032,14307,14506
12032,14310,14500
12032,14504,14510
12032,14702,14703
12032,14900,14902
12039,12101,13050
12039,12101,14508
12039,12105,14506
12039,12109,14077
12039,12109,14503
12039,13000,14512
12039,13039,14709
12039,13039,14900
12039,13050,14508
12039,13101,14009
12039,13101,14103
12039,14000,14226
12039,14000,14700
12039,14002,14701
12039,14002,14709
12039,14009,14103
12039,14009,14456
12039,14056,14203
12039,14056,14226
12039,14077,14303
12039,14103,14305
12039,14103,14502
12039,14103,14912
12039,14105,14504
12039,14106,14302
12039,14106,14707
12039,14203,14213
12039,14203,14226
12039,14203,14302
12039,14203,14509
12039,14203,14904
12039,14203,14916
12039,14226,14700
12039,14268,14512
12039,14268,14711
12039,14279,14500
12039,14302,14503
12039,14302,14707
12039,14303,14512
12039,14310,14502
12039,14310,14509
12039,14502,14912
12039,14510,14703
12039,14701,14709
12039,14904,14916
12100,12103,14300
12100,13101,14309
12100,14073,14304
12100,14105,14308
12100,14106,14302
12100,14108,14303
12100,14108,14509
12100,14307,14516
12101,12109,14105
12101,12109,14106
12101,12109,14503
12101,12109,14700
12101,13000,14307
12101,13050,14508
12101,14010,14703
12101,14010,14712
12101,14073,14500
12101,14073,14501
12101,14077,14100
12101,14100,14103
12101,14100,14105
12101,14100,14107
12101,14103,14108
12101,14103,14506
12101,14105,14308
12101,14105,14503
12101,14106,14700
12101,14500,14501
12101,14510,14700
12101,14703,14712
12103,12104,14107
12103,12105,13000
12103,13000,14104
12103,13039,14275
12103,13039,14502
12103,13039,14709
12103,13039,14920
12103,13050,14305
12103,13050,14506
12103,13050,14900
12103,14010,14502
12103,14010,14713
12103,14073,14307
12103,14073,14900
12103,14073,14905
12103,14077,14106
12103,14077,14504
12103,14077,14913
12103,14077,14915
12103,14103,14516
12103,14106,14504
12103,14213,14900
12103,14213,14905
12103,14213,14910
12103,14268,14502
12103,14275,14502
12103,14279,14305
12103,14279,14310
12103,14279,14508
12103,14279,14509
12103,14279,14709
12103,14279,14914
12103,14300,14307
12103,14303,14308
12103,14305,14502
12103,14305,14709
12103,14307,14508
12103,14307,14509
12103,14308,14506
12103,14310,14508
12103,14502,14504
12103,14502,14511
12103,14502,14713
12103,14502,14922
12103,14508,14509
12103,14508,14709
12103,14508,14900
12103,14508,14914
12103,14508,14915
12103,14509,14710
12103,14511,14513
12103,14702,14703
12103,14703,14904
12103,14900,14915
12103,14905,14910
12103,14905,14915
12103,14913,14915
12104,12105,14307
12104,13039,14310
12104,13039,14501
12104,13039,14509
12104,13039,14912
12104,13100,14308
12104,13101,14108
12104,13101,14501
12104,14300,14500
12104,14300,14501
12104,14300,14508
12104,14300,14509
12104,14447,14503
12104,14501,14502
12104,14501,14509
12104,14501,14708
12104,14509,14912
12105,12107,12109
12105,12109,13000
12105,12109,14103
12105,12109,14310
12105,13101,14309
12105,14504,14709
12107,12109,13000
12107,12109,14242
12107,12109,14456
12107,12109,14501
12107,12109,14510
12107,12109,14904
12107,12109,14907
12107,13000,14100
12107,14009,14213
12107,14009,14501
12107,14073,14300
12107,14077,14103
12107,14100,14105
12107,14203,14502
12107,14213,14501
12107,14242,14501
12107,14242,14904
12107,14268,14510
12107,14279,14501
12107,14279,14508
12107,14279,14702
12107,14302,14508
12107,14456,14904
12107,14500,14904
12107,14501,14508
12107,14501,14702
12107,14501,14708
12107,14501,14904
12107,14501,14914
12107,14510,14512
12107,14703,14713
12107,14704,14708
12107,14904,14914
12107,14904,14916
12109,13050,14709
12109,14000,14268
12109,14000,14502
12109,14000,14510
12109,14000,14907
12109,14009,14268
12109,14009,14710
12109,14056,14268
12109,14056,14908
12109,14077,14268
12109,14077,14504
12109,14077,14506
12109,14101,14513
12109,14105,14503
12109,14106,14700
12109,14107,14702
12109,14108,14712
12109,14108,14907
12109,14242,14904
12109,14268,14506
12109,14268,14510
12109,14268,14710
12109,14268,14908
12109,14275,14307
12109,14275,14423
12109,14304,14509
12109,14305,14309
12109,14307,14423
12109,14309,14504
12109,14456,14712
12109,14456,14904
12109,14501,14904
12109,14502,14905
12109,14703,14707
12109,14703,14914
12109,14706,14903
12109,14712,14907
12109,14900,14902
12109,14901,14907
12109,14904,14907
12109,14904,14916
12109,14907,14916
13000,14100,14108
13000,14101,14102
13000,14103,14502
13000,14103,14510
13000,14104,14305
13000,14104,14513
13000,14502,14510
13039,13050,14268
13039,13050,14302
13039,13050,14423
13039,13050,14509
13039,13050,14910
13039,13101,14704
13039,13101,14709
13039,14009,14302
13039,14073,14509
13039,14073,14709
13039,14105,14308
13039,14106,14307
13039,14106,14709
13039,14203,14500
13039,14203,14703
13039,14268,14423
13039,14275,14502
13039,14302,14910
13039,14304,14502
13039,14307,14709
13039,14423,14509
13039,14456,14712
13039,14500,14703
13039,14509,14709
13039,14509,14912
13039,14704,14709
13050,13101,14502
13050,13102,14501
13050,14010,14504
13050,14010,14508
13050,14010,14900
13050,14056,14701
13050,14056,14713
13050,14077,14506
13050,14077,14901
13050,14101,14268
13050,14103,14303
13050,14103,14501
13050,14203,14500
13050,14203,14503
13050,14203,14905
13050,14213,14303
13050,14213,14910
13050,14226,14901
13050,14268,14423
13050,14268,14508
13050,14268,14900
13050,14279,14900
13050,14279,14904
13050,14279,14909
13050,14302,14910
13050,14303,14500
13050,14303,14501
13050,14303,14506
13050,14303,14900
13050,14303,14906
13050,14305,14501
13050,14305,14703
13050,14423,14508
13050,14423,14509
13050,14500,14702
13050,14500,14900
13050,14501,14703
13050,14504,14508
13050,14506,14901
13050,14508,14509
13050,14508,14703
13050,14508,14706
13050,14508,14713
13050,14508,14910
13050,14508,14914
13050,14512,14701
13050,14512,14703
13050,14700,14703
13050,14700,14710
13050,14700,14903
13050,14700,14904
13050,14701,14703
13050,14701,14713
13050,14702,14910
13050,14703,14900
13050,14703,14904
13050,14706,14914
13050,14709,14900
13050,14709,14910
13050,14900,14910
13050,14902,14910
13050,14904,14909
13050,14905,14912
13050,14905,14922
13100,14077,14303
13101,14000,14203
13101,14000,14268
13101,14009,14103
13101,14073,14905
13101,14101,14307
13101,14101,14515
13101,14108,14513
13101,14108,14906
13101,14108,14909
13101,14203,14268
13101,14300,14309
13101,14300,14502
13101,14300,14509
13101,14302,14512
13101,14307,14515
13101,14447,14905
13101,14502,14901
13101,14502,14905
13101,14503,14504
13101,14704,14709
13101,14709,14900
13101,14901,14905
13102,14101,14104
13102,14502,14508
14000,14002,14077
14000,14056,14103
14000,14103,14500
14000,14106,14504
14000,14203,14268
14000,14226,14700
14000,14226,14704
14000,14242,14268
14000,14242,14900
14000,14268,14279
14000,14268,14510
14000,14268,14512
14000,14268,14701
14000,14268,14704
14000,14268,14900
14000,14268,14906
14000,14268,14920
14000,14302,14702
14000,14303,14503
14000,14303,14508
14000,14447,14503
14000,14447,14508
14000,14447,14905
14000,14501,14703
14000,14501,14910
14000,14503,14508
14000,14503,14905
14000,14512,14704
14000,14701,14906
14000,14703,14910
14000,14703,14915
14000,14900,14903
14000,14900,14908
14000,14903,14908
14002,14009,14103
14002,14009,14700
14002,14009,14703
14002,14009,14908
14002,14056,14303
14002,14105,14506
14002,14105,14906
14002,14226,14701
14002,14226,14703
14002,14226,14707
14002,14226,14900
14002,14268,14707
14002,14303,14456
14002,14303,14510
14002,14506,14906
14002,14700,14908
14002,14701,14703
14002,14701,14709
14002,14703,14707
14009,14010,14307
14009,14010,14713
14009,14103,14711
14009,14105,14106
14009,14105,14500
14009,14106,14302
14009,14106,14700
14009,14108,14300
14009,14213,14501
14009,14268,14710
14009,14303,14307
14009,14303,14506
14009,14303,14707
14009,14303,14903
14009,14307,14500
14009,14307,14713
14009,14503,14905
14009,14512,14700
14009,14700,14908
14009,14703,14705
14009,14703,14915
14009,14705,14915
14009,14707,14900
14010,14108,14709
14010,14307,14713
14010,14500,14501
14010,14500,14907
14010,14501,14512
14010,14501,14709
14010,14502,14713
14010,14504,14508
14010,14509,14709
14010,14512,14709
14010,14702,14914
14010,14703,14712
14010,14705,14713
14010,14709,14908
14056,14073,14902
14056,14077,14103
14056,14077,14511
14056,14077,14703
14056,14103,14703
14056,14105,14303
14056,14105,14707
14056,14105,14710
14056,14105,14903
14056,14105,14905
14056,14203,14226
14056,14226,14510
14056,14230,14904
14056,14242,14512
14056,14268,14908
14056,14279,14501
14056,14456,14500
14056,14501,14508
14056,14501,14700
14056,14501,14713
14056,14502,14706
14056,14503,14700
14056,14503,14707
14056,14508,14511
14056,14508,14713
14056,14508,14900
14056,14511,14700
14056,14511,14705
14056,14511,14706
14056,14511,14710
14056,14511,14901
14056,14700,14703
14056,14700,14707
14056,14701,14713
14056,14706,14901
14056,14706,14908
14056,14707,14906
14056,14707,14913
14056,14710,14905
14056,14901,14908
14056,14906,14913
14073,14103,14508
14073,14106,14706
14073,14226,14703
14073,14275,14702
14073,14275,14909
14073,14279,14709
14073,14279,14713
14073,14279,14905
14073,14304,14905
14073,14500,14501
14073,14502,14701
14073,14509,14709
14073,14700,14703
14073,14702,14909
14073,14705,14910
14073,14709,14900
14073,14709,14905
14073,14713,14905
14073,14900,14905
14077,14103,14703
14077,14105,14268
14077,14105,14504
14077,14106,14302
14077,14106,14504
14077,14108,14900
14077,14108,14903
14077,14268,14504
14077,14268,14506
14077,14300,14710
14077,14502,14503
14077,14502,14710
14077,14504,14506
14077,14506,14901
14077,14900,14903
14077,14913,14915
14100,14105,14303
14101,14303,14901
14101,14307,14515
14101,14508,14709
14102,14308,14501
14102,14512,14516
14103,14104,14305
14103,14105,14503
14103,14105,14510
14103,14108,14310
14103,14303,14501
14103,14303,14703
14103,14305,14510
14103,14305,14712
14103,14500,14501
14103,14500,14508
14103,14500,14701
14103,14501,14508
14103,14502,14510
14103,14502,14515
14103,14502,14707
14103,14502,14903
14103,14502,14912
14103,14503,14510
14103,14506,14510
14103,14508,14703
14103,14510,14511
14103,14510,14712
14103,14512,14700
14103,14512,14704
14103,14700,14704
14104,14307,14508
14105,14106,14107
14105,14106,14302
14105,14108,14303
14105,14226,14901
14105,14268,14504
14105,14268,14512
14105,14302,14713
14105,14302,14903
14105,14302,14921
14105,14308,14502
14105,14308,14509
14105,14310,14706
14105,14500,14501
14105,14500,14903
14105,14501,14903
14105,14503,14510
14105,14504,14707
14105,14506,14906
14105,14510,14707
14105,14512,14901
14105,14512,14905
14105,14701,14707
14105,14707,14905
14105,14710,14905
14105,14901,14903
14105,14903,14908
14105,14903,14912
14105,14903,14921
14106,14302,14304
14106,14302,14305
14106,14302,14506
14106,14302,14705
14106,14302,14707
14106,14302,14902
14106,14302,14910
14106,14303,14906
14106,14304,14305
14106,14304,14516
14106,14304,14900
14106,14304,14902
14106,14307,14508
14106,14307,14709
14106,14502,14504
14106,14503,14504
14106,14508,14509
14106,14512,14704
14106,14705,14901
14106,14707,14902
14106,14900,14905
14106,14902,14910
14107,14108,14304
14107,14300,14309
14107,14300,14709
14107,14900,14905
14108,14226,14502
14108,14226,14908
14108,14279,14701
14108,14305,14702
14108,14456,14906
14108,14502,14908
14108,14707,14712
14108,14712,14907
14108,14900,14903
14203,14226,14508
14203,14268,14701
14203,14268,14705
14203,14279,14709
14203,14300,14509
14203,14300,14700
14203,14302,14502
14203,14302,14908
14203,14310,14705
14203,14500,14703
14203,14502,14504
14203,14502,14710
14203,14502,14908
14203,14508,14700
14203,14700,14902
14203,14703,14706
14203,14904,14916
14203,14914,14920
14213,14303,14900
14213,14303,14905
14213,14423,14912
14213,14501,14708
14213,14509,14703
14213,14900,14905
14213,14905,14910
14226,14242,14700
14226,14242,14708
14226,14423,14509
14226,14423,14902
14226,14447,14503
14226,14502,14512
14226,14502,14704
14226,14502,14900
14226,14502,14908
14226,14503,14710
14226,14503,14901
14226,14506,14707
14226,14506,14905
14226,14509,14902
14226,14511,14903
14226,14512,14704
14226,14512,14900
14226,14700,14708
14226,14701,14703
14226,14703,14707
14226,14706,14903
14226,14710,14906
14226,14901,14903
14226,14902,14908
14226,14903,14905
14230,14509,14512
14230,14509,14704
14230,14512,14704
14242,14268,14900
14242,14501,14904
14242,14502,14705
14242,14502,14910
14242,14700,14708
14242,14703,14900
14242,14705,14910
14268,14275,14900
14268,14447,14506
14268,14504,14510
14268,14509,14712
14268,14510,14708
14268,14512,14703
14268,14512,14704
14268,14700,14902
14268,14701,14703
14268,14701,14705
14268,14701,14901
14268,14701,14906
14268,14705,14901
14268,14709,14920
14275,14302,14902
14275,14302,14921
14275,14305,14920
14275,14307,14423
14275,14702,14902
14275,14702,14909
14275,14702,14914
14275,14709,14902
14275,14902,14914
14275,14902,14921
14279,14308,14310
14279,14310,14508
14279,14501,14702
14279,14508,14703
14279,14508,14914
14279,14701,14904
14279,14713,14905
14279,14904,14909
14300,14302,14501
14300,14302,14503
14300,14304,14904
14300,14501,14509
14300,14502,14511
14300,14509,14700
14300,14700,14708
14302,14304,14305
14302,14500,14508
14302,14500,14704
14302,14502,14908
14302,14508,14704
14302,14700,14908
14302,14712,14922
14302,14902,14910
14302,14902,14921
14302,14903,14921
14303,14305,14511
14303,14500,14504
14303,14500,14900
14303,14502,14503
14303,14502,14509
14303,14503,14504
14303,14503,14506
14303,14503,14508
14303,14503,14908
14303,14506,14510
14303,14510,14707
14303,14511,14712
14303,14512,14908
14303,14900,14905
14304,14501,14709
14304,14501,14910
14304,14702,14915
14304,14707,14912
14304,14709,14910
14305,14309,14711
14305,14501,14703
14305,14504,14513
14305,14508,14509
14305,14508,14702
14305,14509,14513
14305,14510,14712
14307,14309,14310
14307,14502,14900
14307,14506,14709
14307,14508,14509
14307,14700,14701
14307,14706,14909
14307,14707,14902
14308,14501,14515
14308,14706,14710
14309,14310,14513
14310,14501,14508
14310,14508,14706
14310,14700,14711
14310,14703,14706
14423,14508,14509
14423,14509,14902
14447,14456,14512
14447,14456,14712
14447,14502,14506
14447,14503,14706
14447,14503,14709
14447,14503,14903
14447,14503,14905
14447,14506,14703
14447,14506,14902
14447,14512,14712
14447,14700,14906
14447,14700,14908
14447,14703,14902
14447,14706,14903
14447,14709,14905
14447,14906,14908
14456,14512,14712
14456,14706,14903
14456,14706,14905
14456,14712,14915
14456,14903,14905
14500,14501,14508
14500,14501,14700
14500,14501,14903
14500,14502,14506
14500,14508,14704
14500,14511,14703
14500,14700,14713
14500,14701,14703
14500,14701,14713
14500,14702,14703
14501,14508,14713
14501,14508,14904
14501,14508,14914
14501,14512,14709
14501,14703,14910
14501,14704,14708
14501,14707,14708
14501,14709,14910
14501,14904,14909
14501,14904,14914
14502,14503,14512
14502,14503,14908
14502,14508,14905
14502,14509,14704
14502,14510,14712
14502,14511,14705
14502,14512,14704
14502,14512,14900
14502,14512,14908
14502,14704,14908
14502,14704,14920
14502,14705,14710
14502,14705,14910
14502,14710,14908
14502,14901,14905
14503,14504,14710
14503,14511,14710
14503,14511,14904
14503,14511,14908
14503,14700,14707
14503,14702,14905
14503,14706,14903
14503,14709,14905
14503,14712,14905
14503,14900,14905
14503,14901,14903
14503,14901,14913
14503,14902,14905
14503,14904,14908
14504,14510,14511
14506,14509,14709
14506,14509,14902
14506,14703,14902
14506,14709,14902
14508,14700,14703
14508,14702,14713
14508,14702,14900
14508,14706,14914
14508,14709,14902
14508,14900,14915
14508,14904,14914
14508,14904,14916
14509,14512,14704
14509,14703,14709
14509,14709,14902
14509,14902,14910
14511,14703,14916
14511,14706,14901
14511,14904,14908
14512,14700,14704
14512,14701,14703
14512,14704,14904
14512,14704,14908
14512,14900,14902
14628,14913,14915
14628,14913,14921
14628,14915,14921
14700,14703,14902
14700,14703,14904
14700,14705,14906
14700,14705,14908
14700,14706,14900
14700,14706,14905
14700,14900,14902
14700,14900,14905
14700,14901,14908
14700,14903,14908
14700,14906,14908
14700,14908,14909
14701,14703,14904
14701,14705,14901
14701,14706,14909
14701,14904,14909
14701,14905,14906
14701,14905,14908
14701,14906,14908
14702,14706,14914
14702,14902,14914
14703,14705,14915
14703,14709,14909
14703,14713,14906
14703,14904,14908
14703,14908,14910
14704,14705,14708
14706,14900,14905
14706,14903,14905
14707,14709,14912
14707,14906,14913
14708,14901,14910
14709,14900,14905
14709,14900,14910
14713,14904,14915
14900,14903,14908
14900,14910,14914
14901,14905,14908
14901,14913,14921
14903,14908,14910
14904,14907,14916
14905,14906,14908
14907,14910,14922
14913,14915,14921
