1,7,8,114
1,3,7,114
1,4,6,7,114
2,4,5,10,11,16,25,114
2,4,5,10,11,27,114
2,4,5,11,13,27,114
2,5,20,114
3,18,32,43,49,114
3,5,10,11,114
3,7,10,11,114
3,23,114
4,5,9,10,11,16,22,25,114
4,5,9,10,11,22,27,114
5,9,20,114
5,27,42,114
5,25,58,114
6,30,114
7,41,114
4,7,9,10,11,114
7,14,114
8,25,114
8,47,114
14,19,43,114
14,43,51,114
14,28,43,114
14,39,51,114
15,18,32,36,49,114
15,18,32,36,51,114
15,32,36,39,51,114
15,32,33,36,44,114
15,18,32,36,44,114
15,30,32,36,44,114
15,18,28,32,49,114
4,9,10,11,15,16,25,114
15,40,114
9,10,11,15,16,25,30,114
19,41,43,114
9,10,11,16,22,25,30,114
26,33,36,44,114
26,36,50,114
26,36,49,114
26,47,114
18,28,29,43,114
4,38,114
41,47,114
18,32,43,51,114
18,32,43,44,114
18,28,32,43,49,114
18,28,43,45,114
18,36,45,114
30,36,45,114
10,50,114
3,18,26,32,33,44,115
3,18,26,33,44,49,115
3,23,115
1,4,115
4,38,115
4,6,115
4,9,10,11,16,22,115
4,5,9,10,11,115
4,9,10,16,20,22,115
4,5,9,10,20,115
4,56,115
4,16,25,27,115
4,11,16,22,27,115
4,16,20,22,27,115
4,11,13,27,115
2,4,5,25,27,115
4,5,11,27,115
4,5,20,27,115
7,9,115
8,47,115
9,10,12,115
12,36,115
15,36,40,115
15,36,44,115
10,15,16,115
15,18,40,115
15,18,39,51,115
15,18,39,44,115
15,30,51,115
18,32,39,51,115
18,32,39,44,115
26,32,33,36,44,115
26,36,50,115
28,30,115
30,45,51,115
6,30,115
33,36,47,115
5,42,115
43,44,115
25,47,115
5,25,58,115
1,11,210
1,6,210
3,43,210
3,10,11,210
4,5,42,56,210
2,4,5,9,10,210
2,4,5,10,11,210
4,5,38,210
4,26,36,38,210
4,6,210
2,4,7,210
2,4,10,11,16,210
4,11,27,210
4,16,23,210
2,4,9,10,16,25,210
4,9,10,16,22,25,210
4,25,26,36,42,56,210
4,25,26,36,58,210
4,27,36,58,210
8,25,26,32,56,210
8,25,26,58,210
8,12,56,210
8,12,58,210
11,12,27,210
12,36,42,56,210
12,36,42,50,210
12,27,36,50,210
12,36,38,50,210
12,27,36,58,210
2,5,11,13,210
15,18,32,210
18,39,210
19,30,210
9,16,20,25,210
6,20,210
28,30,210
30,51,210
30,45,210
6,30,210
25,26,32,42,56,210
5,32,42,56,210
25,32,42,50,210
5,32,42,50,210
32,51,210
25,47,58,210
25,36,42,50,210
5,38,50,210
5,56,212
2,5,27,212
1,2,3,7,212
1,3,6,7,212
1,3,7,10,212
1,3,7,13,212
1,3,7,17,212
1,3,7,20,212
1,7,23,212
1,7,15,212
4,7,10,16,25,212
4,7,10,11,212
4,7,27,212
4,7,13,25,212
4,7,11,13,212
2,3,7,27,212
1,8,212
8,26,47,212
9,10,16,212
10,12,212
12,36,50,212
12,36,38,212
18,32,212
10,16,22,25,212
26,36,44,212
3,30,212
30,51,212
30,45,212
30,39,212
33,44,212
4,36,38,42,212
3,43,212
6,45,212
47,50,212
25,58,212
1,4,10,11,214
2,4,5,10,16,22,25,27,214
2,5,20,214
4,43,214
4,5,9,10,22,25,214
4,5,10,11,16,22,25,27,214
5,56,214
5,11,15,214
6,30,45,214
6,7,214
7,15,214
8,47,214
3,9,214
10,50,214
12,38,214
19,28,214
19,45,214
3,23,214
29,32,214
29,40,214
28,29,214
28,30,214
15,34,214
26,36,42,214
3,32,36,43,49,214
3,18,26,32,36,43,214
15,32,36,43,49,214
15,18,26,32,36,43,214
14,36,43,214
3,32,36,44,49,214
3,18,26,32,36,44,214
15,32,36,44,49,214
15,18,26,32,36,44,214
33,36,44,214
18,26,36,44,51,214
36,39,44,51,214
3,36,39,44,214
15,36,39,44,214
14,36,39,51,214
14,28,36,214
26,36,50,214
18,28,36,214
15,40,214
28,41,214
45,49,214
1,11,215
1,4,215
2,5,9,10,16,215
2,4,5,10,16,25,215
2,9,10,16,22,215
2,10,16,22,25,215
3,6,215
3,7,9,215
3,33,43,49,215
3,18,26,43,49,215
3,33,43,44,215
3,18,26,43,44,215
3,36,43,44,215
3,23,215
4,5,10,16,25,27,215
5,56,215
5,9,10,16,27,215
5,9,15,215
8,32,39,44,215
8,47,215
10,11,215
9,10,16,22,27,215
10,16,22,25,27,215
10,22,25,27,30,215
7,11,215
12,38,215
7,12,215
15,40,215
15,33,215
28,30,215
30,51,215
6,30,45,215
32,33,43,44,215
18,26,32,43,44,215
18,26,32,39,44,215
18,26,39,49,215
36,42,215
47,58,215
44,51,215
1,3,310
1,6,310
3,7,310
2,4,11,310
4,5,9,16,22,310
4,42,310
4,56,310
4,58,310
2,6,25,310
6,45,310
6,30,310
6,7,310
8,26,44,310
5,10,310
2,12,25,27,310
12,26,50,310
12,26,27,310
12,26,38,310
13,25,310
15,18,30,32,39,310
9,15,310
20,25,310
16,22,25,310
2,11,25,310
26,50,56,310
26,27,56,310
26,27,36,310
26,36,44,310
27,36,42,310
28,43,310
28,30,310
32,39,51,310
42,50,310
5,50,310
1,2,11,311
1,3,11,311
1,6,311
1,22,311
6,27,311
6,20,311
6,30,311
6,47,311
8,26,311
14,50,311
14,51,311
18,30,32,39,311
4,5,9,10,16,17,22,311
4,5,9,10,15,16,22,311
9,12,22,311
10,17,23,311
17,23,30,311
4,5,9,10,16,17,25,311
2,4,5,9,10,16,25,27,311
2,4,9,10,11,25,27,311
2,9,11,12,25,27,311
2,7,9,11,25,27,311
2,4,5,9,10,15,16,25,311
2,4,9,10,11,15,25,311
4,9,10,20,25,311
3,11,25,311
3,5,25,311
2,4,11,13,25,311
26,27,36,311
26,36,44,311
30,32,51,311
5,17,30,311
5,15,30,311
15,30,51,311
36,50,311
36,44,47,311
4,38,311
12,38,311
3,40,311
40,44,311
12,42,311
3,47,311
